date,service,p50_ms,p95_ms,p99_ms,error_rate_pct,error_count,request_count
2024-07-01,payment_service,141,296,469,0.44,88,20018
2024-07-01,checkout_service,93,218,330,0.12,29,24599
2024-07-01,catalog_service,47,129,200,0.06,32,54030
2024-07-01,user_service,35,82,145,0.1,31,31357
2024-07-01,notification_service,54,160,234,0.09,10,12214
2024-07-01,search_service,65,166,290,0.05,21,43961
2024-07-02,payment_service,129,297,469,0.41,91,22247
2024-07-02,checkout_service,101,214,360,0.12,31,26448
2024-07-02,catalog_service,48,116,195,0.06,34,56961
2024-07-02,user_service,39,90,153,0.09,28,32127
2024-07-02,notification_service,49,151,245,0.1,12,12588
2024-07-02,search_service,60,163,271,0.05,20,40934
2024-07-03,payment_service,142,307,451,0.44,90,20646
2024-07-03,checkout_service,97,218,348,0.12,29,24614
2024-07-03,catalog_service,51,120,217,0.06,33,56635
2024-07-03,user_service,39,82,153,0.08,25,32392
2024-07-03,notification_service,52,159,246,0.11,13,12269
2024-07-03,search_service,64,155,272,0.05,21,43955
2024-07-04,payment_service,142,294,505,0.39,85,21804
2024-07-04,checkout_service,94,224,314,0.13,34,26299
2024-07-04,catalog_service,49,128,196,0.07,39,56411
2024-07-04,user_service,40,85,166,0.09,30,33432
2024-07-04,notification_service,51,148,245,0.1,12,12467
2024-07-04,search_service,58,165,307,0.05,21,42584
2024-07-05,payment_service,125,319,500,0.38,79,20793
2024-07-05,checkout_service,99,225,363,0.11,27,25079
2024-07-05,catalog_service,46,124,203,0.06,30,51461
2024-07-05,user_service,39,86,148,0.1,30,30672
2024-07-05,notification_service,52,152,236,0.09,10,11328
2024-07-05,search_service,57,170,287,0.05,20,41820
2024-07-06,payment_service,139,294,446,0.41,88,21482
2024-07-06,checkout_service,90,226,314,0.13,34,26395
2024-07-06,catalog_service,49,128,214,0.06,32,53530
2024-07-06,user_service,38,86,153,0.09,30,33430
2024-07-06,notification_service,50,149,259,0.1,11,11536
2024-07-06,search_service,62,157,278,0.05,22,44473
2024-07-07,payment_service,125,331,503,0.4,81,20417
2024-07-07,checkout_service,88,194,342,0.12,31,26051
2024-07-07,catalog_service,46,116,201,0.06,34,56715
2024-07-07,user_service,39,88,149,0.08,25,31386
2024-07-07,notification_service,49,151,253,0.09,10,11844
2024-07-07,search_service,60,179,283,0.05,22,44612
2024-07-08,payment_service,137,311,439,0.4,87,21790
2024-07-08,checkout_service,90,212,337,0.12,29,24535
2024-07-08,catalog_service,49,130,189,0.06,30,51112
2024-07-08,user_service,39,86,163,0.08,26,33255
2024-07-08,notification_service,52,163,256,0.11,13,12487
2024-07-08,search_service,62,160,283,0.05,21,42780
2024-07-09,payment_service,124,315,470,0.39,77,19845
2024-07-09,checkout_service,95,205,318,0.11,27,25251
2024-07-09,catalog_service,46,129,212,0.06,33,56074
2024-07-09,user_service,37,92,162,0.09,28,31648
2024-07-09,notification_service,52,141,259,0.09,11,12466
2024-07-09,search_service,64,166,294,0.05,22,44842
2024-07-10,payment_service,136,298,485,0.42,89,21273
2024-07-10,checkout_service,89,224,338,0.11,28,25881
2024-07-10,catalog_service,50,114,189,0.07,38,54480
2024-07-10,user_service,37,91,158,0.09,29,33020
2024-07-10,notification_service,53,145,233,0.11,13,12537
2024-07-10,search_service,57,172,293,0.05,21,42629
2024-07-11,payment_service,137,305,475,0.38,77,20522
2024-07-11,checkout_service,101,213,366,0.11,29,27063
2024-07-11,catalog_service,46,119,189,0.06,31,51734
2024-07-11,user_service,36,86,167,0.1,31,31381
2024-07-11,notification_service,48,159,254,0.1,11,11972
2024-07-11,search_service,66,160,295,0.05,22,44178
2024-07-12,payment_service,132,297,448,0.43,85,19785
2024-07-12,checkout_service,89,214,352,0.11,29,26820
2024-07-12,catalog_service,48,114,208,0.06,31,51847
2024-07-12,user_service,35,82,161,0.08,26,32690
2024-07-12,notification_service,50,156,231,0.09,10,11848
2024-07-12,search_service,60,165,273,0.05,22,44282
2024-07-13,payment_service,130,321,505,0.36,79,22018
2024-07-13,checkout_service,88,211,335,0.13,33,25751
2024-07-13,catalog_service,47,120,196,0.06,33,55579
2024-07-13,user_service,36,85,156,0.09,28,32081
2024-07-13,notification_service,51,154,243,0.09,10,11354
2024-07-13,search_service,60,164,296,0.05,21,42242
2024-07-14,payment_service,140,310,433,0.39,77,19881
2024-07-14,checkout_service,93,217,357,0.13,32,25101
2024-07-14,catalog_service,44,129,190,0.06,30,51386
2024-07-14,user_service,36,86,153,0.09,30,33765
2024-07-14,notification_service,51,157,266,0.09,10,11914
2024-07-14,search_service,65,163,302,0.05,22,45209
2024-07-15,payment_service,142,307,502,0.44,93,21237
2024-07-15,checkout_service,97,223,330,0.12,32,26974
2024-07-15,catalog_service,51,116,210,0.06,31,52968
2024-07-15,user_service,39,83,166,0.09,29,32496
2024-07-15,notification_service,49,140,233,0.1,12,12257
2024-07-15,search_service,61,160,302,0.05,20,41733
2024-07-16,payment_service,127,311,437,0.44,87,19922
2024-07-16,checkout_service,92,197,322,0.11,27,25186
2024-07-16,catalog_service,51,125,189,0.06,31,53086
2024-07-16,user_service,40,85,147,0.08,26,33560
2024-07-16,notification_service,52,150,257,0.1,11,11334
2024-07-16,search_service,58,157,309,0.05,21,43771
2024-07-17,payment_service,139,303,491,0.41,84,20532
2024-07-17,checkout_service,100,209,318,0.12,32,27392
2024-07-17,catalog_service,46,123,194,0.06,31,52608
2024-07-17,user_service,37,87,149,0.09,27,30977
2024-07-17,notification_service,49,154,247,0.1,11,11376
2024-07-17,search_service,65,174,289,0.05,21,42239
2024-07-18,payment_service,136,312,447,0.39,78,20039
2024-07-18,checkout_service,90,215,326,0.12,29,24979
2024-07-18,catalog_service,50,121,203,0.06,31,53084
2024-07-18,user_service,36,84,143,0.09,29,32878
2024-07-18,notification_service,50,149,249,0.11,13,12322
2024-07-18,search_service,63,159,285,0.05,21,42557
2024-07-19,payment_service,138,309,433,0.41,91,22249
2024-07-19,checkout_service,91,223,330,0.11,29,26810
2024-07-19,catalog_service,45,112,219,0.06,33,55315
2024-07-19,user_service,37,81,161,0.09,28,31479
2024-07-19,notification_service,54,159,242,0.11,12,11723
2024-07-19,search_service,63,171,296,0.05,20,40997
2024-07-20,payment_service,133,314,468,0.42,90,21571
2024-07-20,checkout_service,93,201,341,0.13,33,25523
2024-07-20,catalog_service,46,113,191,0.07,35,51333
2024-07-20,user_service,40,86,149,0.09,30,33362
2024-07-20,notification_service,55,149,230,0.1,11,11486
2024-07-20,search_service,61,169,278,0.05,22,44534
2024-07-21,payment_service,143,326,436,0.42,84,20237
2024-07-21,checkout_service,94,220,339,0.12,29,24581
2024-07-21,catalog_service,50,113,196,0.06,33,56205
2024-07-21,user_service,37,86,150,0.08,24,31216
2024-07-21,notification_service,55,142,251,0.09,10,12216
2024-07-21,search_service,66,155,301,0.05,20,40570
2024-07-22,payment_service,125,302,493,0.4,88,22033
2024-07-22,checkout_service,98,203,360,0.11,28,25652
2024-07-22,catalog_service,46,124,207,0.06,30,51318
2024-07-22,user_service,36,82,147,0.1,32,32946
2024-07-22,notification_service,49,140,256,0.09,10,11378
2024-07-22,search_service,59,155,281,0.05,20,41337
2024-07-23,payment_service,142,330,487,0.38,79,20892
2024-07-23,checkout_service,96,205,313,0.12,32,27257
2024-07-23,catalog_service,44,123,206,0.05,26,52194
2024-07-23,user_service,35,86,153,0.09,28,31242
2024-07-23,notification_service,53,148,230,0.09,11,12674
2024-07-23,search_service,58,163,307,0.05,22,44245
2024-07-24,payment_service,135,330,456,0.44,89,20229
2024-07-24,checkout_service,91,222,321,0.13,32,25220
2024-07-24,catalog_service,45,123,220,0.05,25,51493
2024-07-24,user_service,40,92,148,0.09,27,30162
2024-07-24,notification_service,54,145,263,0.11,13,12240
2024-07-24,search_service,64,164,295,0.05,21,43628
2024-07-25,payment_service,140,333,505,0.37,79,21365
2024-07-25,checkout_service,91,210,351,0.13,32,24643
2024-07-25,catalog_service,47,129,198,0.07,39,57093
2024-07-25,user_service,40,87,157,0.09,28,31451
2024-07-25,notification_service,48,144,248,0.11,13,11958
2024-07-25,search_service,65,175,280,0.05,20,40586
2024-07-26,payment_service,144,314,485,0.4,79,19900
2024-07-26,checkout_service,92,226,327,0.11,28,26209
2024-07-26,catalog_service,51,124,215,0.06,33,55268
2024-07-26,user_service,35,81,156,0.08,24,30785
2024-07-26,notification_service,51,156,235,0.09,11,12652
2024-07-26,search_service,60,175,295,0.05,22,44577
2024-07-27,payment_service,128,303,458,0.39,80,20766
2024-07-27,checkout_service,92,222,343,0.11,28,25928
2024-07-27,catalog_service,45,129,211,0.06,33,56323
2024-07-27,user_service,40,89,148,0.09,30,33416
2024-07-27,notification_service,50,141,228,0.11,13,11990
2024-07-27,search_service,62,158,281,0.05,22,44147
2024-07-28,payment_service,145,313,481,0.43,93,21648
2024-07-28,checkout_service,90,204,356,0.12,32,26908
2024-07-28,catalog_service,45,121,206,0.06,31,53043
2024-07-28,user_service,38,82,159,0.09,28,31910
2024-07-28,notification_service,56,160,253,0.1,12,12252
2024-07-28,search_service,58,158,309,0.05,20,41392
2024-07-29,payment_service,135,324,472,0.42,89,21199
2024-07-29,checkout_service,95,196,361,0.12,32,27298
2024-07-29,catalog_service,47,126,198,0.06,30,50932
2024-07-29,user_service,38,88,150,0.08,25,31630
2024-07-29,notification_service,54,153,243,0.1,12,12176
2024-07-29,search_service,59,167,299,0.05,22,44537
2024-07-30,payment_service,130,310,488,0.37,74,20108
2024-07-30,checkout_service,88,214,321,0.11,27,25122
2024-07-30,catalog_service,46,123,209,0.06,31,51693
2024-07-30,user_service,40,80,144,0.09,29,32276
2024-07-30,notification_service,53,158,243,0.09,11,12697
2024-07-30,search_service,62,170,307,0.05,21,42425
2024-07-31,payment_service,132,314,457,0.39,82,21254
2024-07-31,checkout_service,90,208,322,0.12,29,24816
2024-07-31,catalog_service,47,126,209,0.06,31,52193
2024-07-31,user_service,40,80,163,0.09,27,30248
2024-07-31,notification_service,50,162,229,0.09,10,11508
2024-07-31,search_service,63,181,286,0.05,22,45073
2024-08-01,payment_service,138,314,483,0.36,76,21355
2024-08-01,checkout_service,101,222,317,0.11,28,25613
2024-08-01,catalog_service,46,116,206,0.06,31,51997
2024-08-01,user_service,40,92,154,0.1,32,32763
2024-08-01,notification_service,54,157,245,0.1,12,12662
2024-08-01,search_service,58,155,291,0.05,20,41518
2024-08-02,payment_service,135,319,438,0.42,89,21426
2024-08-02,checkout_service,87,193,350,0.12,30,25273
2024-08-02,catalog_service,51,126,200,0.06,33,56215
2024-08-02,user_service,36,87,167,0.09,29,32286
2024-08-02,notification_service,51,140,266,0.09,10,12068
2024-08-02,search_service,63,173,294,0.05,20,41214
2024-08-03,payment_service,131,316,471,0.43,93,21766
2024-08-03,checkout_service,88,195,353,0.12,31,25861
2024-08-03,catalog_service,51,125,213,0.07,39,56820
2024-08-03,user_service,38,82,151,0.09,28,32122
2024-08-03,notification_service,48,151,250,0.11,13,12365
2024-08-03,search_service,63,158,275,0.05,22,44928
2024-08-04,payment_service,144,311,447,0.4,87,21920
2024-08-04,checkout_service,88,203,339,0.12,30,25825
2024-08-04,catalog_service,47,121,194,0.07,37,54250
2024-08-04,user_service,36,90,157,0.09,27,30807
2024-08-04,notification_service,50,158,235,0.1,12,12495
2024-08-04,search_service,63,162,304,0.05,20,41259
2024-08-05,payment_service,126,304,486,0.44,97,22144
2024-08-05,checkout_service,88,224,317,0.11,27,24813
2024-08-05,catalog_service,44,123,194,0.06,33,55403
2024-08-05,user_service,38,87,152,0.09,29,33153
2024-08-05,notification_service,51,153,259,0.09,11,12367
2024-08-05,search_service,61,159,307,0.05,22,44898
2024-08-06,payment_service,127,325,450,0.36,76,21358
2024-08-06,checkout_service,98,204,350,0.11,29,27164
2024-08-06,catalog_service,48,116,219,0.06,32,54675
2024-08-06,user_service,37,88,163,0.09,28,31916
2024-08-06,notification_service,54,144,240,0.1,11,11747
2024-08-06,search_service,62,174,305,0.05,20,40699
2024-08-07,payment_service,129,297,446,0.43,85,19988
2024-08-07,checkout_service,96,199,356,0.12,30,25734
2024-08-07,catalog_service,48,127,211,0.07,38,54830
2024-08-07,user_service,38,84,145,0.08,24,30160
2024-08-07,notification_service,54,146,232,0.09,10,12125
2024-08-07,search_service,59,157,306,0.05,22,44624
2024-08-08,payment_service,136,296,483,0.37,73,19793
2024-08-08,checkout_service,97,209,355,0.11,29,26637
2024-08-08,catalog_service,46,118,203,0.06,33,55496
2024-08-08,user_service,39,91,157,0.08,26,33273
2024-08-08,notification_service,52,149,250,0.09,10,11572
2024-08-08,search_service,62,164,278,0.05,21,43044
2024-08-09,payment_service,134,294,495,0.44,97,22089
2024-08-09,checkout_service,100,217,320,0.11,28,26291
2024-08-09,catalog_service,48,121,195,0.06,30,51466
2024-08-09,user_service,37,85,145,0.08,26,33545
2024-08-09,notification_service,49,163,259,0.1,11,11637
2024-08-09,search_service,61,155,293,0.05,22,45376
2024-08-10,payment_service,142,330,438,0.42,90,21544
2024-08-10,checkout_service,96,200,363,0.12,32,26838
2024-08-10,catalog_service,45,118,215,0.06,32,53446
2024-08-10,user_service,36,80,160,0.1,33,33700
2024-08-10,notification_service,49,144,243,0.11,13,12546
2024-08-10,search_service,57,172,305,0.05,20,40520
2024-08-11,payment_service,143,321,465,0.4,88,22135
2024-08-11,checkout_service,91,198,342,0.12,31,26331
2024-08-11,catalog_service,51,129,203,0.06,30,51493
2024-08-11,user_service,36,89,149,0.09,27,30719
2024-08-11,notification_service,50,141,228,0.11,13,12164
2024-08-11,search_service,61,181,278,0.05,21,42762
2024-08-12,payment_service,127,326,455,0.38,78,20555
2024-08-12,checkout_service,93,193,319,0.12,32,27309
2024-08-12,catalog_service,48,112,205,0.05,26,52311
2024-08-12,user_service,39,82,154,0.09,28,31888
2024-08-12,notification_service,49,140,237,0.09,10,12175
2024-08-12,search_service,59,177,277,0.05,20,41884
2024-08-13,payment_service,128,300,470,0.44,94,21573
2024-08-13,checkout_service,90,197,359,0.12,31,26136
2024-08-13,catalog_service,51,121,215,0.06,31,53008
2024-08-13,user_service,38,84,166,0.1,33,33553
2024-08-13,notification_service,53,143,245,0.11,12,11741
2024-08-13,search_service,58,162,291,0.05,21,43496
2024-08-14,payment_service,133,322,439,0.38,77,20272
2024-08-14,checkout_service,101,194,318,0.13,33,25919
2024-08-14,catalog_service,47,130,216,0.06,32,54251
2024-08-14,user_service,39,87,146,0.09,29,32958
2024-08-14,notification_service,55,158,262,0.1,12,12128
2024-08-14,search_service,65,160,277,0.05,22,45337
2024-08-15,payment_service,129,286,457,0.39,86,22208
2024-08-15,checkout_service,98,216,318,0.12,29,24870
2024-08-15,catalog_service,47,128,206,0.06,30,51316
2024-08-15,user_service,39,91,150,0.1,31,31149
2024-08-15,notification_service,52,162,232,0.1,12,12089
2024-08-15,search_service,59,165,278,0.05,20,41641
2024-08-16,payment_service,136,297,449,0.38,82,21727
2024-08-16,checkout_service,88,222,363,0.12,32,26871
2024-08-16,catalog_service,49,130,209,0.06,30,51082
2024-08-16,user_service,37,81,149,0.1,33,33906
2024-08-16,notification_service,50,147,262,0.09,10,11921
2024-08-16,search_service,61,180,273,0.05,21,42057
2024-08-17,payment_service,127,304,438,0.4,79,19855
2024-08-17,checkout_service,89,219,356,0.13,33,25986
2024-08-17,catalog_service,45,121,208,0.06,34,56791
2024-08-17,user_service,36,81,155,0.09,28,31665
2024-08-17,notification_service,51,142,234,0.11,12,11342
2024-08-17,search_service,59,161,287,0.05,21,43075
2024-08-18,payment_service,140,297,501,0.44,90,20556
2024-08-18,checkout_service,95,224,340,0.11,30,27425
2024-08-18,catalog_service,45,120,191,0.06,32,54295
2024-08-18,user_service,37,80,157,0.09,28,31618
2024-08-18,notification_service,50,163,232,0.09,10,11359
2024-08-18,search_service,60,179,276,0.05,22,45321
2024-08-19,payment_service,131,286,443,0.43,94,22033
2024-08-19,checkout_service,96,209,351,0.12,33,27531
2024-08-19,catalog_service,51,131,214,0.06,33,56317
2024-08-19,user_service,37,91,148,0.09,29,33109
2024-08-19,notification_service,53,143,241,0.1,11,11676
2024-08-19,search_service,61,176,277,0.05,22,44729
2024-08-20,payment_service,137,304,479,0.38,81,21450
2024-08-20,checkout_service,88,205,319,0.12,30,25107
2024-08-20,catalog_service,44,126,197,0.06,33,56318
2024-08-20,user_service,36,80,164,0.09,28,31375
2024-08-20,notification_service,49,161,253,0.09,10,12201
2024-08-20,search_service,66,177,295,0.05,22,45121
2024-08-21,payment_service,131,334,493,0.42,93,22196
2024-08-21,checkout_service,102,206,347,0.12,32,27200
2024-08-21,catalog_service,49,124,194,0.06,32,54281
2024-08-21,user_service,37,83,157,0.09,28,31418
2024-08-21,notification_service,53,157,254,0.1,12,12103
2024-08-21,search_service,63,159,286,0.05,22,44512
2024-08-22,payment_service,125,325,501,0.43,87,20409
2024-08-22,checkout_service,90,202,350,0.13,33,25610
2024-08-22,catalog_service,46,126,215,0.06,31,53107
2024-08-22,user_service,36,85,165,0.1,31,31979
2024-08-22,notification_service,54,157,233,0.1,11,11673
2024-08-22,search_service,62,181,299,0.05,21,43185
2024-08-23,payment_service,142,300,454,0.39,79,20350
2024-08-23,checkout_service,99,194,362,0.13,34,26809
2024-08-23,catalog_service,46,130,198,0.06,32,54612
2024-08-23,user_service,36,84,162,0.1,32,32155
2024-08-23,notification_service,53,142,248,0.11,12,11429
2024-08-23,search_service,58,176,269,0.05,21,43980
2024-08-24,payment_service,126,325,447,0.4,85,21491
2024-08-24,checkout_service,98,207,328,0.13,32,25287
2024-08-24,catalog_service,50,114,219,0.06,33,56234
2024-08-24,user_service,40,83,152,0.09,30,33533
2024-08-24,notification_service,55,152,234,0.1,12,12273
2024-08-24,search_service,60,169,292,0.05,22,45044
2024-08-25,payment_service,138,319,450,0.36,72,20183
2024-08-25,checkout_service,97,199,335,0.13,33,25961
2024-08-25,catalog_service,46,128,196,0.06,31,52506
2024-08-25,user_service,40,84,161,0.09,27,31064
2024-08-25,notification_service,48,150,263,0.1,11,11569
2024-08-25,search_service,59,176,283,0.05,20,41410
2024-08-26,payment_service,129,290,433,0.39,86,22114
2024-08-26,checkout_service,87,216,360,0.12,32,26958
2024-08-26,catalog_service,45,123,193,0.06,34,56785
2024-08-26,user_service,36,92,150,0.09,30,33507
2024-08-26,notification_service,52,144,251,0.1,12,12163
2024-08-26,search_service,59,171,267,0.05,20,41402
2024-08-27,payment_service,125,311,476,0.37,78,21123
2024-08-27,checkout_service,93,213,318,0.13,35,27099
2024-08-27,catalog_service,51,114,208,0.07,36,51480
2024-08-27,user_service,36,81,165,0.09,28,31197
2024-08-27,notification_service,50,141,232,0.1,12,12098
2024-08-27,search_service,57,171,273,0.05,20,41008
2024-08-28,payment_service,136,328,452,0.43,94,21888
2024-08-28,checkout_service,97,196,314,0.11,28,25834
2024-08-28,catalog_service,47,123,193,0.06,34,56935
2024-08-28,user_service,37,85,163,0.09,29,33072
2024-08-28,notification_service,56,141,238,0.1,12,12455
2024-08-28,search_service,64,160,275,0.05,22,44621
2024-08-29,payment_service,135,296,458,0.4,83,20975
2024-08-29,checkout_service,98,225,353,0.11,29,27127
2024-08-29,catalog_service,44,124,188,0.06,34,56853
2024-08-29,user_service,39,80,152,0.08,26,33254
2024-08-29,notification_service,49,157,242,0.09,10,11468
2024-08-29,search_service,62,179,291,0.05,22,44832
2024-08-30,payment_service,125,329,438,0.41,87,21220
2024-08-30,checkout_service,101,221,344,0.12,31,26332
2024-08-30,catalog_service,51,128,206,0.06,33,56441
2024-08-30,user_service,37,88,146,0.08,25,31574
2024-08-30,notification_service,50,150,237,0.1,11,11573
2024-08-30,search_service,65,169,271,0.05,21,42440
2024-08-31,payment_service,125,286,466,0.41,90,22041
2024-08-31,checkout_service,89,201,348,0.12,32,27236
2024-08-31,catalog_service,45,113,213,0.06,33,55706
2024-08-31,user_service,38,84,151,0.1,33,33088
2024-08-31,notification_service,51,156,236,0.1,11,11788
2024-08-31,search_service,64,177,308,0.05,21,43449
2024-09-01,payment_service,132,289,493,0.44,93,21140
2024-09-01,checkout_service,95,193,331,0.11,28,26116
2024-09-01,catalog_service,46,126,207,0.06,30,50878
2024-09-01,user_service,37,80,161,0.1,33,33399
2024-09-01,notification_service,49,140,251,0.1,11,11926
2024-09-01,search_service,64,155,309,0.05,22,45000
2024-09-02,payment_service,133,316,452,0.43,93,21646
2024-09-02,checkout_service,101,211,337,0.11,29,26822
2024-09-02,catalog_service,51,117,190,0.06,33,56001
2024-09-02,user_service,35,80,149,0.09,27,30906
2024-09-02,notification_service,51,163,242,0.1,11,11738
2024-09-02,search_service,58,176,283,0.05,20,41071
2024-09-03,payment_service,133,311,461,0.43,88,20603
2024-09-03,checkout_service,87,213,349,0.11,27,24857
2024-09-03,catalog_service,49,116,206,0.05,25,51081
2024-09-03,user_service,37,87,148,0.08,24,31176
2024-09-03,notification_service,54,153,250,0.09,10,11691
2024-09-03,search_service,59,155,311,0.05,22,44202
2024-09-04,payment_service,145,315,439,0.36,72,20070
2024-09-04,checkout_service,93,194,359,0.11,28,26166
2024-09-04,catalog_service,51,113,200,0.05,27,55867
2024-09-04,user_service,36,85,160,0.09,30,33892
2024-09-04,notification_service,47,157,248,0.1,12,12083
2024-09-04,search_service,59,171,277,0.05,21,43843
2024-09-05,payment_service,136,322,452,0.38,83,22024
2024-09-05,checkout_service,96,222,363,0.11,29,26441
2024-09-05,catalog_service,50,121,191,0.06,33,55109
2024-09-05,user_service,38,88,166,0.09,27,30349
2024-09-05,notification_service,54,157,252,0.11,12,11716
2024-09-05,search_service,57,180,271,0.05,21,43765
2024-09-06,payment_service,143,289,484,0.43,85,19920
2024-09-06,checkout_service,100,206,363,0.12,32,26868
2024-09-06,catalog_service,49,119,189,0.05,26,53833
2024-09-06,user_service,40,91,156,0.08,27,33750
2024-09-06,notification_service,53,158,252,0.11,12,11422
2024-09-06,search_service,65,156,276,0.05,20,40541
2024-09-07,payment_service,140,321,507,0.44,96,21853
2024-09-07,checkout_service,94,201,343,0.12,32,26970
2024-09-07,catalog_service,51,130,217,0.06,32,53880
2024-09-07,user_service,40,82,162,0.08,26,33601
2024-09-07,notification_service,51,152,250,0.1,11,11842
2024-09-07,search_service,64,167,299,0.05,22,45023
2024-09-08,payment_service,126,286,472,0.37,74,20130
2024-09-08,checkout_service,88,200,346,0.11,27,25125
2024-09-08,catalog_service,50,127,199,0.06,32,53855
2024-09-08,user_service,36,87,163,0.09,28,31999
2024-09-08,notification_service,55,147,245,0.1,11,11691
2024-09-08,search_service,65,158,267,0.05,22,44176
2024-09-09,payment_service,145,297,498,0.39,84,21657
2024-09-09,checkout_service,92,206,348,0.12,30,25490
2024-09-09,catalog_service,50,130,215,0.06,32,53604
2024-09-09,user_service,36,80,155,0.1,31,31070
2024-09-09,notification_service,49,141,262,0.11,12,11472
2024-09-09,search_service,59,168,290,0.05,22,44179
2024-09-10,payment_service,130,299,460,0.38,82,21711
2024-09-10,checkout_service,102,207,314,0.12,32,26827
2024-09-10,catalog_service,50,114,199,0.06,32,54390
2024-09-10,user_service,38,84,150,0.09,28,31985
2024-09-10,notification_service,49,147,235,0.11,13,11980
2024-09-10,search_service,58,161,305,0.05,21,43228
2024-09-11,payment_service,131,287,498,0.43,93,21747
2024-09-11,checkout_service,101,223,318,0.13,34,26228
2024-09-11,catalog_service,46,123,195,0.06,33,55690
2024-09-11,user_service,37,85,164,0.09,27,30616
2024-09-11,notification_service,54,154,247,0.1,12,12564
2024-09-11,search_service,63,166,307,0.05,20,41258
2024-09-12,payment_service,135,300,487,0.43,94,21976
2024-09-12,checkout_service,96,204,364,0.12,31,26166
2024-09-12,catalog_service,46,115,205,0.06,32,54892
2024-09-12,user_service,39,92,151,0.09,27,30844
2024-09-12,notification_service,48,141,263,0.11,12,11683
2024-09-12,search_service,58,175,285,0.05,22,44505
2024-09-13,payment_service,129,302,457,0.38,80,21153
2024-09-13,checkout_service,91,203,357,0.11,30,27465
2024-09-13,catalog_service,51,125,195,0.06,33,55135
2024-09-13,user_service,40,89,144,0.08,25,31393
2024-09-13,notification_service,50,144,254,0.1,12,12714
2024-09-13,search_service,66,176,292,0.05,22,44563
2024-09-14,payment_service,144,301,449,0.38,80,21079
2024-09-14,checkout_service,99,202,345,0.13,32,24719
2024-09-14,catalog_service,47,122,217,0.06,33,56197
2024-09-14,user_service,38,91,163,0.09,28,31740
2024-09-14,notification_service,49,141,266,0.09,10,12063
2024-09-14,search_service,63,165,297,0.05,20,41256
2024-09-15,payment_service,124,286,436,0.42,89,21205
2024-09-15,checkout_service,99,226,338,0.11,28,26033
2024-09-15,catalog_service,47,126,212,0.07,36,52120
2024-09-15,user_service,36,80,161,0.09,29,33181
2024-09-15,notification_service,52,155,242,0.09,11,12463
2024-09-15,search_service,58,167,284,0.05,22,45233
2024-09-16,payment_service,144,334,461,0.37,81,21932
2024-09-16,checkout_service,100,220,319,0.13,33,25841
2024-09-16,catalog_service,44,125,196,0.06,30,51202
2024-09-16,user_service,37,88,150,0.09,28,31494
2024-09-16,notification_service,50,146,245,0.1,11,11542
2024-09-16,search_service,65,166,296,0.05,20,41887
2024-09-17,payment_service,140,310,471,0.37,73,19908
2024-09-17,checkout_service,91,218,328,0.12,29,24538
2024-09-17,catalog_service,45,128,215,0.07,35,50834
2024-09-17,user_service,36,79,152,0.1,30,30623
2024-09-17,notification_service,52,162,232,0.11,13,12105
2024-09-17,search_service,65,178,288,0.05,22,44900
2024-09-18,payment_service,144,326,504,0.36,78,21717
2024-09-18,checkout_service,96,215,362,0.12,32,26815
2024-09-18,catalog_service,47,121,217,0.06,33,55458
2024-09-18,user_service,36,80,166,0.09,27,30417
2024-09-18,notification_service,51,141,248,0.1,12,12629
2024-09-18,search_service,60,176,281,0.05,21,43177
2024-09-19,payment_service,127,289,488,0.41,88,21567
2024-09-19,checkout_service,95,211,342,0.12,29,24919
2024-09-19,catalog_service,48,118,203,0.06,32,53904
2024-09-19,user_service,39,80,165,0.09,27,30692
2024-09-19,notification_service,55,151,264,0.09,11,12504
2024-09-19,search_service,59,177,287,0.05,20,41413
2024-09-20,payment_service,129,293,476,0.36,71,19746
2024-09-20,checkout_service,96,209,333,0.11,30,27509
2024-09-20,catalog_service,48,114,197,0.05,27,54037
2024-09-20,user_service,38,86,146,0.08,26,32794
2024-09-20,notification_service,52,149,251,0.1,11,11622
2024-09-20,search_service,66,163,274,0.05,20,41762
2024-09-21,payment_service,139,287,478,0.37,81,21943
2024-09-21,checkout_service,97,217,336,0.11,28,25702
2024-09-21,catalog_service,51,112,210,0.06,33,56609
2024-09-21,user_service,36,84,146,0.1,31,31960
2024-09-21,notification_service,54,149,266,0.1,12,12402
2024-09-21,search_service,64,159,294,0.05,21,43777
2024-09-22,payment_service,137,303,466,0.41,86,21128
2024-09-22,checkout_service,100,197,333,0.11,29,26532
2024-09-22,catalog_service,46,115,220,0.06,32,53593
2024-09-22,user_service,40,91,165,0.1,33,33434
2024-09-22,notification_service,51,157,259,0.1,11,11489
2024-09-22,search_service,57,169,272,0.05,20,41309
2024-09-23,payment_service,133,333,475,0.38,81,21438
2024-09-23,checkout_service,102,193,318,0.11,27,24915
2024-09-23,catalog_service,47,117,204,0.07,36,52514
2024-09-23,user_service,39,82,144,0.09,30,33717
2024-09-23,notification_service,54,162,264,0.09,10,11303
2024-09-23,search_service,60,176,277,0.05,22,44871
2024-09-24,payment_service,139,316,482,0.37,74,20036
2024-09-24,checkout_service,96,204,339,0.11,28,25885
2024-09-24,catalog_service,45,123,204,0.06,31,53319
2024-09-24,user_service,36,85,167,0.1,32,32705
2024-09-24,notification_service,54,161,255,0.1,12,12011
2024-09-24,search_service,60,169,277,0.05,20,40736
2024-09-25,payment_service,130,306,468,0.42,86,20625
2024-09-25,checkout_service,101,198,340,0.12,30,25223
2024-09-25,catalog_service,46,112,218,0.06,30,51154
2024-09-25,user_service,36,83,155,0.09,30,33826
2024-09-25,notification_service,48,160,242,0.1,11,11892
2024-09-25,search_service,65,158,269,0.05,22,44604
2024-09-26,payment_service,137,308,462,0.36,79,22219
2024-09-26,checkout_service,97,197,333,0.12,32,27328
2024-09-26,catalog_service,51,129,201,0.06,32,54707
2024-09-26,user_service,40,86,161,0.08,25,31718
2024-09-26,notification_service,50,146,238,0.1,11,11552
2024-09-26,search_service,61,173,293,0.05,22,44023
2024-09-27,payment_service,143,296,460,0.38,83,21888
2024-09-27,checkout_service,102,197,315,0.11,28,26275
2024-09-27,catalog_service,46,123,201,0.06,31,52640
2024-09-27,user_service,38,87,156,0.08,26,33019
2024-09-27,notification_service,55,147,229,0.11,13,12156
2024-09-27,search_service,62,161,268,0.05,22,44174
2024-09-28,payment_service,143,330,492,0.43,92,21614
2024-09-28,checkout_service,94,214,346,0.13,33,25396
2024-09-28,catalog_service,46,127,193,0.06,32,54957
2024-09-28,user_service,36,82,158,0.09,28,31762
2024-09-28,notification_service,48,163,258,0.09,10,11484
2024-09-28,search_service,65,160,281,0.05,21,42232
2024-09-29,payment_service,133,294,505,0.44,96,21887
2024-09-29,checkout_service,89,211,344,0.12,29,24972
2024-09-29,catalog_service,45,120,200,0.06,30,51003
2024-09-29,user_service,40,81,156,0.09,29,33315
2024-09-29,notification_service,48,156,255,0.11,12,11412
2024-09-29,search_service,65,160,303,0.05,22,45247
2024-09-30,payment_service,138,289,470,0.38,75,19899
2024-09-30,checkout_service,99,212,362,0.13,35,27501
2024-09-30,catalog_service,46,127,221,0.06,34,57179
2024-09-30,user_service,38,83,150,0.08,25,32013
2024-09-30,notification_service,51,158,249,0.09,10,12132
2024-09-30,search_service,63,173,302,0.05,21,42776
2024-10-01,payment_service,140,332,454,0.43,88,20676
2024-10-01,checkout_service,92,210,328,0.12,30,25743
2024-10-01,catalog_service,50,124,200,0.06,32,53622
2024-10-01,user_service,35,87,151,0.1,31,31828
2024-10-01,notification_service,50,144,249,0.09,11,12546
2024-10-01,search_service,58,167,304,0.05,22,45213
2024-10-02,payment_service,129,303,507,0.37,77,20947
2024-10-02,checkout_service,95,211,326,0.12,30,25180
2024-10-02,catalog_service,49,113,199,0.07,37,54201
2024-10-02,user_service,36,85,160,0.09,28,31608
2024-10-02,notification_service,54,151,248,0.09,10,11984
2024-10-02,search_service,65,171,303,0.05,22,45531
2024-10-03,payment_service,127,315,453,0.43,95,22166
2024-10-03,checkout_service,89,224,312,0.12,32,27023
2024-10-03,catalog_service,44,123,210,0.05,26,52980
2024-10-03,user_service,36,82,167,0.08,25,31789
2024-10-03,notification_service,52,156,244,0.11,12,11413
2024-10-03,search_service,61,177,312,0.05,20,40656
2024-10-04,payment_service,136,327,479,0.43,93,21681
2024-10-04,checkout_service,94,205,320,0.12,30,25331
2024-10-04,catalog_service,46,122,190,0.06,31,51745
2024-10-04,user_service,37,82,166,0.09,29,32292
2024-10-04,notification_service,53,140,251,0.1,12,12426
2024-10-04,search_service,63,164,275,0.05,21,43004
2024-10-05,payment_service,140,286,434,0.38,84,22135
2024-10-05,checkout_service,96,203,358,0.11,29,26963
2024-10-05,catalog_service,51,120,202,0.06,31,51707
2024-10-05,user_service,38,92,167,0.08,26,32692
2024-10-05,notification_service,51,140,234,0.09,10,11649
2024-10-05,search_service,58,171,283,0.05,21,42887
2024-10-06,payment_service,133,316,499,0.4,83,20925
2024-10-06,checkout_service,92,218,319,0.11,28,26133
2024-10-06,catalog_service,50,129,190,0.06,30,51572
2024-10-06,user_service,37,89,155,0.09,29,33328
2024-10-06,notification_service,49,162,253,0.11,12,11580
2024-10-06,search_service,64,156,289,0.05,21,43742
2024-10-07,payment_service,133,314,466,0.41,83,20476
2024-10-07,checkout_service,90,213,349,0.12,31,26328
2024-10-07,catalog_service,45,114,201,0.06,32,54814
2024-10-07,user_service,37,80,166,0.09,29,32394
2024-10-07,notification_service,49,140,261,0.1,11,11642
2024-10-07,search_service,65,175,310,0.05,21,42287
2024-10-08,payment_service,129,305,456,0.37,79,21562
2024-10-08,checkout_service,92,202,323,0.13,33,25851
2024-10-08,catalog_service,50,123,206,0.06,33,55780
2024-10-08,user_service,35,89,143,0.1,31,31073
2024-10-08,notification_service,51,151,266,0.09,11,12236
2024-10-08,search_service,58,163,308,0.05,21,42318
2024-10-09,payment_service,126,305,489,0.42,92,21987
2024-10-09,checkout_service,92,204,339,0.12,31,25947
2024-10-09,catalog_service,47,114,190,0.06,31,52735
2024-10-09,user_service,35,82,155,0.08,26,33749
2024-10-09,notification_service,52,142,255,0.09,10,12200
2024-10-09,search_service,59,157,283,0.05,20,40919
2024-10-10,payment_service,138,294,505,0.4,79,19933
2024-10-10,checkout_service,92,226,326,0.12,31,26371
2024-10-10,catalog_service,45,117,213,0.06,32,53518
2024-10-10,user_service,37,91,152,0.09,29,32506
2024-10-10,notification_service,50,155,256,0.09,10,11589
2024-10-10,search_service,57,174,296,0.05,21,43644
2024-10-11,payment_service,143,334,507,0.42,84,20210
2024-10-11,checkout_service,89,222,339,0.12,30,25411
2024-10-11,catalog_service,46,120,199,0.06,33,55991
2024-10-11,user_service,35,89,168,0.09,27,30282
2024-10-11,notification_service,50,159,267,0.09,10,12219
2024-10-11,search_service,57,157,279,0.05,22,44846
2024-10-12,payment_service,134,329,447,0.39,85,22049
2024-10-12,checkout_service,101,210,325,0.12,33,27506
2024-10-12,catalog_service,47,125,218,0.06,33,55408
2024-10-12,user_service,34,87,147,0.09,30,33724
2024-10-12,notification_service,56,157,256,0.1,11,11572
2024-10-12,search_service,58,177,311,0.05,20,40422
2024-10-13,payment_service,132,324,478,0.39,85,22033
2024-10-13,checkout_service,91,209,314,0.11,28,25936
2024-10-13,catalog_service,44,126,192,0.06,32,54327
2024-10-13,user_service,35,83,146,0.09,29,32956
2024-10-13,notification_service,54,162,259,0.09,10,11695
2024-10-13,search_service,61,159,290,0.05,22,44967
2024-10-14,payment_service,139,330,485,0.4,80,20240
2024-10-14,checkout_service,102,194,365,0.13,35,27097
2024-10-14,catalog_service,46,117,195,0.06,33,55058
2024-10-14,user_service,36,87,167,0.09,27,30090
2024-10-14,notification_service,53,146,247,0.1,11,11577
2024-10-14,search_service,59,157,273,0.05,20,41634
2024-10-15,payment_service,145,297,465,0.4,88,22121
2024-10-15,checkout_service,98,194,341,0.12,31,26328
2024-10-15,catalog_service,48,116,213,0.05,27,54677
2024-10-15,user_service,35,81,166,0.1,31,31571
2024-10-15,notification_service,48,152,229,0.11,13,12633
2024-10-15,search_service,62,156,296,0.05,21,43555
2024-10-16,payment_service,139,289,454,0.41,89,21931
2024-10-16,checkout_service,91,219,337,0.12,31,26543
2024-10-16,catalog_service,46,118,197,0.06,32,54168
2024-10-16,user_service,36,88,163,0.09,28,32210
2024-10-16,notification_service,54,140,264,0.11,13,12425
2024-10-16,search_service,60,167,313,0.05,20,41943
2024-10-17,payment_service,131,295,491,0.42,92,22055
2024-10-17,checkout_service,88,205,335,0.11,29,26860
2024-10-17,catalog_service,48,118,214,0.06,30,51137
2024-10-17,user_service,40,91,168,0.08,24,30091
2024-10-17,notification_service,53,143,247,0.1,11,11435
2024-10-17,search_service,59,166,269,0.05,22,44655
2024-10-18,payment_service,130,298,488,0.38,81,21393
2024-10-18,checkout_service,95,220,322,0.11,29,27108
2024-10-18,catalog_service,50,130,213,0.06,30,51501
2024-10-18,user_service,39,89,145,0.1,33,33197
2024-10-18,notification_service,51,154,230,0.1,12,12119
2024-10-18,search_service,58,174,291,0.05,22,44403
2024-10-19,payment_service,129,315,494,0.41,83,20388
2024-10-19,checkout_service,90,203,340,0.12,30,25673
2024-10-19,catalog_service,51,122,214,0.06,31,51892
2024-10-19,user_service,37,87,160,0.09,29,33095
2024-10-19,notification_service,48,143,265,0.1,12,12373
2024-10-19,search_service,65,178,300,0.05,21,42966
2024-10-20,payment_service,125,311,496,0.4,84,21240
2024-10-20,checkout_service,98,216,367,0.11,30,27355
2024-10-20,catalog_service,46,131,188,0.06,31,53070
2024-10-20,user_service,39,79,146,0.09,29,32582
2024-10-20,notification_service,53,146,242,0.1,12,12045
2024-10-20,search_service,58,180,277,0.05,21,42206
2024-10-21,payment_service,130,296,450,0.4,84,21084
2024-10-21,checkout_service,87,206,350,0.13,33,25945
2024-10-21,catalog_service,46,125,205,0.06,32,54958
2024-10-21,user_service,40,89,165,0.1,30,30811
2024-10-21,notification_service,54,146,248,0.09,10,12152
2024-10-21,search_service,59,175,302,0.05,21,43981
2024-10-22,payment_service,144,331,464,0.42,83,19768
2024-10-22,checkout_service,100,202,353,0.12,29,24483
2024-10-22,catalog_service,49,131,195,0.06,33,55333
2024-10-22,user_service,36,86,159,0.09,27,30674
2024-10-22,notification_service,53,152,234,0.1,12,12134
2024-10-22,search_service,62,164,278,0.05,20,41193
2024-10-23,payment_service,132,302,471,0.39,85,21986
2024-10-23,checkout_service,101,193,338,0.11,27,24783
2024-10-23,catalog_service,46,122,212,0.06,32,54819
2024-10-23,user_service,38,85,155,0.1,33,33150
2024-10-23,notification_service,48,159,254,0.1,12,12318
2024-10-23,search_service,58,177,292,0.05,20,41270
2024-10-24,payment_service,128,289,443,0.43,85,19993
2024-10-24,checkout_service,98,220,313,0.11,27,25124
2024-10-24,catalog_service,46,118,192,0.06,33,55297
2024-10-24,user_service,37,88,158,0.09,29,32436
2024-10-24,notification_service,47,160,253,0.1,12,12543
2024-10-24,search_service,64,171,312,0.05,22,44722
2024-10-25,payment_service,140,315,463,0.42,92,22074
2024-10-25,checkout_service,102,224,345,0.11,27,25068
2024-10-25,catalog_service,47,131,196,0.06,30,50790
2024-10-25,user_service,38,86,154,0.09,27,30223
2024-10-25,notification_service,52,153,235,0.11,12,11770
2024-10-25,search_service,58,179,291,0.05,22,45088
2024-10-26,payment_service,138,298,437,0.41,89,21876
2024-10-26,checkout_service,93,218,362,0.12,29,24834
2024-10-26,catalog_service,49,113,192,0.07,36,51767
2024-10-26,user_service,38,79,167,0.08,26,32803
2024-10-26,notification_service,49,162,240,0.1,12,12627
2024-10-26,search_service,62,180,294,0.05,22,44739
2024-10-27,payment_service,145,308,474,0.43,85,19921
2024-10-27,checkout_service,90,202,346,0.12,30,25443
2024-10-27,catalog_service,44,128,199,0.06,34,57192
2024-10-27,user_service,38,86,157,0.09,27,30303
2024-10-27,notification_service,49,145,266,0.1,12,12071
2024-10-27,search_service,64,157,273,0.05,22,44669
2024-10-28,payment_service,132,320,480,0.37,75,20295
2024-10-28,checkout_service,99,225,344,0.12,32,26680
2024-10-28,catalog_service,44,130,219,0.06,33,56173
2024-10-28,user_service,39,88,144,0.08,27,33833
2024-10-28,notification_service,52,143,239,0.11,13,12635
2024-10-28,search_service,60,171,283,0.05,20,41696
2024-10-29,payment_service,137,292,462,0.38,76,20153
2024-10-29,checkout_service,88,217,337,0.13,33,25447
2024-10-29,catalog_service,45,117,219,0.06,33,55637
2024-10-29,user_service,39,83,151,0.1,32,32777
2024-10-29,notification_service,49,148,235,0.11,13,12422
2024-10-29,search_service,60,167,284,0.05,20,40504
2024-10-30,payment_service,141,317,476,0.42,93,22157
2024-10-30,checkout_service,98,217,317,0.13,35,27385
2024-10-30,catalog_service,47,131,198,0.06,31,52248
2024-10-30,user_service,38,82,160,0.09,27,30694
2024-10-30,notification_service,53,152,250,0.09,11,12512
2024-10-30,search_service,59,163,304,0.05,22,44688
2024-10-31,payment_service,137,333,490,0.43,91,21199
2024-10-31,checkout_service,90,206,343,0.12,30,25416
2024-10-31,catalog_service,45,125,192,0.06,32,54977
2024-10-31,user_service,39,81,148,0.1,32,32258
2024-10-31,notification_service,50,140,263,0.1,12,12243
2024-10-31,search_service,66,156,271,0.05,20,40435
2024-11-01,payment_service,128,320,484,0.39,84,21625
2024-11-01,checkout_service,92,217,360,0.13,32,24955
2024-11-01,catalog_service,51,119,209,0.06,30,50872
2024-11-01,user_service,37,89,149,0.1,33,33434
2024-11-01,notification_service,48,160,254,0.1,11,11436
2024-11-01,search_service,61,177,290,0.05,21,42703
2024-11-02,payment_service,131,328,433,0.41,90,22162
2024-11-02,checkout_service,100,202,340,0.12,31,25938
2024-11-02,catalog_service,47,113,200,0.06,30,51561
2024-11-02,user_service,39,79,153,0.1,30,30196
2024-11-02,notification_service,50,150,263,0.1,11,11804
2024-11-02,search_service,61,170,278,0.05,20,40796
2024-11-03,payment_service,124,294,506,0.39,84,21767
2024-11-03,checkout_service,91,219,336,0.12,29,24541
2024-11-03,catalog_service,46,123,219,0.07,36,51637
2024-11-03,user_service,37,86,146,0.09,28,31434
2024-11-03,notification_service,55,149,235,0.1,11,11713
2024-11-03,search_service,66,170,280,0.05,21,42663
2024-11-04,payment_service,136,310,507,0.36,76,21207
2024-11-04,checkout_service,90,217,360,0.11,27,24989
2024-11-04,catalog_service,47,127,205,0.06,31,52683
2024-11-04,user_service,38,79,148,0.08,24,31068
2024-11-04,notification_service,51,158,255,0.11,13,12435
2024-11-04,search_service,63,156,288,0.05,20,40933
2024-11-05,payment_service,134,306,496,0.44,94,21569
2024-11-05,checkout_service,97,193,325,0.11,29,26842
2024-11-05,catalog_service,50,128,209,0.06,33,56622
2024-11-05,user_service,35,92,153,0.09,29,32895
2024-11-05,notification_service,47,139,250,0.09,10,11777
2024-11-05,search_service,59,175,285,0.05,22,45464
2024-11-06,payment_service,141,300,450,0.37,74,20220
2024-11-06,checkout_service,100,197,322,0.11,28,25568
2024-11-06,catalog_service,44,128,210,0.06,31,52545
2024-11-06,user_service,40,88,154,0.09,29,32293
2024-11-06,notification_service,50,155,252,0.11,13,12692
2024-11-06,search_service,59,170,267,0.05,22,45437
2024-11-07,payment_service,129,321,503,0.39,77,19954
2024-11-07,checkout_service,92,221,318,0.13,32,25180
2024-11-07,catalog_service,48,114,199,0.06,31,53074
2024-11-07,user_service,35,87,164,0.09,27,30177
2024-11-07,notification_service,51,159,245,0.1,12,12279
2024-11-07,search_service,61,170,270,0.05,20,41878
2024-11-08,payment_service,136,323,449,0.4,79,19890
2024-11-08,checkout_service,88,207,355,0.12,29,24877
2024-11-08,catalog_service,47,120,199,0.07,38,54328
2024-11-08,user_service,38,85,145,0.09,27,31107
2024-11-08,notification_service,51,158,258,0.1,11,11957
2024-11-08,search_service,62,166,306,0.05,21,42429
2024-11-09,payment_service,129,317,485,0.39,79,20350
2024-11-09,checkout_service,87,212,340,0.11,29,26485
2024-11-09,catalog_service,45,116,214,0.06,32,53825
2024-11-09,user_service,40,90,165,0.09,28,31660
2024-11-09,notification_service,50,144,267,0.11,12,11551
2024-11-09,search_service,59,155,267,0.05,22,44855
2024-11-10,payment_service,129,325,454,0.37,77,20819
2024-11-10,checkout_service,97,215,326,0.11,29,27253
2024-11-10,catalog_service,48,131,218,0.07,35,51232
2024-11-10,user_service,39,82,146,0.09,27,30967
2024-11-10,notification_service,54,161,246,0.09,10,11704
2024-11-10,search_service,66,166,296,0.05,20,41191
2024-11-11,payment_service,125,296,499,0.39,81,20839
2024-11-11,checkout_service,88,203,316,0.12,32,27426
2024-11-11,catalog_service,50,130,191,0.07,39,56789
2024-11-11,user_service,39,89,159,0.09,30,33430
2024-11-11,notification_service,53,151,260,0.09,10,11810
2024-11-11,search_service,63,171,271,0.05,21,43703
2024-11-12,payment_service,138,330,497,0.41,89,21950
2024-11-12,checkout_service,94,200,331,0.12,29,24692
2024-11-12,catalog_service,51,122,198,0.05,28,57146
2024-11-12,user_service,35,91,156,0.1,30,30257
2024-11-12,notification_service,48,144,244,0.1,12,12536
2024-11-12,search_service,57,167,311,0.05,21,43544
2024-11-13,payment_service,132,288,464,0.44,92,20916
2024-11-13,checkout_service,95,204,360,0.13,33,25858
2024-11-13,catalog_service,45,125,189,0.06,32,54734
2024-11-13,user_service,40,86,156,0.09,30,33846
2024-11-13,notification_service,52,152,235,0.11,12,11370
2024-11-13,search_service,65,174,279,0.05,22,44712
2024-11-14,payment_service,136,318,482,0.43,94,22011
2024-11-14,checkout_service,97,203,353,0.11,29,27050
2024-11-14,catalog_service,48,126,192,0.06,32,54496
2024-11-14,user_service,38,81,158,0.09,30,33697
2024-11-14,notification_service,53,144,228,0.1,11,11910
2024-11-14,search_service,61,179,285,0.05,21,42584
2024-11-15,payment_service,139,323,473,0.42,88,21126
2024-11-15,checkout_service,101,200,319,0.11,28,26091
2024-11-15,catalog_service,50,126,210,0.06,31,52442
2024-11-15,user_service,37,91,156,0.09,29,33160
2024-11-15,notification_service,54,142,235,0.11,13,11897
2024-11-15,search_service,64,173,289,0.05,20,40908
2024-11-16,payment_service,134,304,469,0.39,84,21749
2024-11-16,checkout_service,96,213,343,0.13,32,25035
2024-11-16,catalog_service,51,115,215,0.06,31,52422
2024-11-16,user_service,38,91,155,0.09,30,33359
2024-11-16,notification_service,54,160,263,0.1,12,12554
2024-11-16,search_service,66,174,290,0.05,20,41707
2024-11-17,payment_service,137,325,497,0.37,78,21214
2024-11-17,checkout_service,94,225,350,0.13,34,26470
2024-11-17,catalog_service,44,113,191,0.05,26,53908
2024-11-17,user_service,35,85,150,0.09,30,33461
2024-11-17,notification_service,54,144,245,0.1,11,11936
2024-11-17,search_service,57,174,291,0.05,22,44544
2024-11-18,payment_service,134,334,445,0.37,75,20440
2024-11-18,checkout_service,89,200,355,0.13,33,25437
2024-11-18,catalog_service,44,118,196,0.06,32,54355
2024-11-18,user_service,35,91,162,0.09,29,32508
2024-11-18,notification_service,52,144,250,0.1,12,12035
2024-11-18,search_service,58,168,289,0.05,21,42274
2024-11-19,payment_service,144,303,480,0.38,75,19863
2024-11-19,checkout_service,89,223,325,0.11,29,26444
2024-11-19,catalog_service,49,113,218,0.06,31,52610
2024-11-19,user_service,40,92,148,0.09,28,31719
2024-11-19,notification_service,53,140,236,0.11,12,11713
2024-11-19,search_service,64,168,276,0.05,21,43152
2024-11-20,payment_service,141,293,450,0.38,80,21105
2024-11-20,checkout_service,92,213,363,0.11,29,26791
2024-11-20,catalog_service,44,115,204,0.06,31,52608
2024-11-20,user_service,37,79,145,0.1,31,31886
2024-11-20,notification_service,52,158,255,0.1,12,12548
2024-11-20,search_service,57,157,279,0.05,21,42441
2024-11-21,payment_service,143,333,441,0.43,88,20601
2024-11-21,checkout_service,101,194,351,0.12,29,24821
2024-11-21,catalog_service,47,112,205,0.07,39,56379
2024-11-21,user_service,35,80,155,0.09,29,32973
2024-11-21,notification_service,49,152,254,0.11,13,12207
2024-11-21,search_service,57,178,312,0.05,22,44782
2024-11-22,payment_service,143,326,491,0.37,75,20346
2024-11-22,checkout_service,99,208,353,0.11,29,27091
2024-11-22,catalog_service,47,116,210,0.06,30,50917
2024-11-22,user_service,39,87,152,0.09,29,32847
2024-11-22,notification_service,52,148,234,0.11,13,12490
2024-11-22,search_service,57,161,290,0.05,21,42276
2024-11-23,payment_service,125,299,447,0.37,76,20735
2024-11-23,checkout_service,92,214,342,0.13,33,25479
2024-11-23,catalog_service,46,117,204,0.07,35,51322
2024-11-23,user_service,35,88,161,0.09,30,33730
2024-11-23,notification_service,54,153,234,0.11,13,12185
2024-11-23,search_service,57,172,270,0.05,22,45430
2024-11-24,payment_service,129,304,455,0.43,89,20905
2024-11-24,checkout_service,102,224,360,0.11,28,25760
2024-11-24,catalog_service,51,120,192,0.06,33,56250
2024-11-24,user_service,36,79,146,0.09,27,30581
2024-11-24,notification_service,54,155,258,0.09,10,11712
2024-11-24,search_service,60,159,297,0.05,22,45440
2024-11-25,payment_service,128,315,493,0.39,86,22096
2024-11-25,checkout_service,90,199,344,0.11,29,26990
2024-11-25,catalog_service,45,129,219,0.06,32,54552
2024-11-25,user_service,40,79,166,0.1,33,33157
2024-11-25,notification_service,53,152,247,0.11,12,11375
2024-11-25,search_service,61,177,282,0.05,22,45408
2024-11-26,payment_service,124,311,462,0.39,80,20620
2024-11-26,checkout_service,89,223,313,0.12,31,26380
2024-11-26,catalog_service,47,113,212,0.07,38,55466
2024-11-26,user_service,39,87,150,0.1,33,33332
2024-11-26,notification_service,49,162,261,0.09,10,12176
2024-11-26,search_service,65,173,271,0.05,20,40518
2024-11-27,payment_service,129,322,473,0.42,90,21645
2024-11-27,checkout_service,94,216,331,0.13,33,25640
2024-11-27,catalog_service,45,121,192,0.06,31,51884
2024-11-27,user_service,40,80,160,0.09,29,32684
2024-11-27,notification_service,52,144,266,0.11,12,11727
2024-11-27,search_service,58,168,310,0.05,22,45321
2024-11-28,payment_service,133,315,461,0.42,91,21831
2024-11-28,checkout_service,98,211,340,0.11,29,27126
2024-11-28,catalog_service,51,113,189,0.06,32,54292
2024-11-28,user_service,39,82,162,0.08,26,33737
2024-11-28,notification_service,49,147,263,0.11,13,12107
2024-11-28,search_service,58,159,281,0.05,21,43131
2024-11-29,payment_service,124,334,453,0.4,88,22060
2024-11-29,checkout_service,97,218,363,0.12,32,27120
2024-11-29,catalog_service,50,126,198,0.06,32,54325
2024-11-29,user_service,38,83,154,0.09,27,30498
2024-11-29,notification_service,55,143,233,0.11,13,12358
2024-11-29,search_service,62,179,277,0.05,20,41681
2024-11-30,payment_service,145,328,479,0.4,80,20121
2024-11-30,checkout_service,92,211,363,0.12,32,27430
2024-11-30,catalog_service,45,128,211,0.06,34,56820
2024-11-30,user_service,39,83,145,0.09,28,32042
2024-11-30,notification_service,48,157,240,0.09,11,12262
2024-11-30,search_service,66,167,300,0.05,21,43255
2024-12-01,payment_service,133,295,479,0.41,86,21012
2024-12-01,checkout_service,91,202,335,0.12,31,26235
2024-12-01,catalog_service,46,121,216,0.06,31,52551
2024-12-01,user_service,35,86,166,0.09,30,33534
2024-12-01,notification_service,52,150,245,0.1,12,12500
2024-12-01,search_service,61,155,272,0.05,22,44025
2024-12-02,payment_service,141,292,499,0.4,81,20270
2024-12-02,checkout_service,91,209,363,0.12,31,25897
2024-12-02,catalog_service,46,128,191,0.05,27,55421
2024-12-02,user_service,38,84,158,0.09,27,31002
2024-12-02,notification_service,55,162,230,0.11,12,11588
2024-12-02,search_service,66,159,282,0.05,22,44637
2024-12-03,payment_service,135,326,447,0.37,80,21865
2024-12-03,checkout_service,90,215,320,0.11,29,26698
2024-12-03,catalog_service,47,119,208,0.06,32,53962
2024-12-03,user_service,36,89,166,0.09,29,32506
2024-12-03,notification_service,54,156,231,0.1,11,11816
2024-12-03,search_service,60,178,311,0.05,21,42904
2024-12-04,payment_service,130,320,477,0.37,73,19960
2024-12-04,checkout_service,100,213,345,0.13,34,26537
2024-12-04,catalog_service,51,112,206,0.06,31,52033
2024-12-04,user_service,36,79,160,0.09,29,32375
2024-12-04,notification_service,51,145,252,0.09,10,11317
2024-12-04,search_service,64,161,279,0.05,22,45506
2024-12-05,payment_service,135,307,495,0.39,81,21018
2024-12-05,checkout_service,87,215,320,0.13,32,25129
2024-12-05,catalog_service,48,112,206,0.06,33,55279
2024-12-05,user_service,36,88,148,0.09,28,32056
2024-12-05,notification_service,49,142,242,0.1,11,11452
2024-12-05,search_service,60,180,295,0.05,22,44103
2024-12-06,payment_service,125,300,497,0.41,85,20768
2024-12-06,checkout_service,89,215,330,0.13,31,24608
2024-12-06,catalog_service,46,120,193,0.07,35,51315
2024-12-06,user_service,40,81,144,0.09,28,31503
2024-12-06,notification_service,49,142,258,0.09,10,12183
2024-12-06,search_service,59,155,282,0.05,21,42772
2024-12-07,payment_service,136,305,470,0.37,82,22165
2024-12-07,checkout_service,101,224,355,0.13,34,26768
2024-12-07,catalog_service,49,113,197,0.07,39,55929
2024-12-07,user_service,38,81,164,0.09,28,32079
2024-12-07,notification_service,52,158,242,0.09,11,12641
2024-12-07,search_service,60,165,266,0.05,22,45042
2024-12-08,payment_service,128,324,440,0.37,80,21821
2024-12-08,checkout_service,87,194,343,0.11,27,25205
2024-12-08,catalog_service,50,124,215,0.06,32,54706
2024-12-08,user_service,40,92,150,0.09,28,31877
2024-12-08,notification_service,55,155,264,0.1,12,12334
2024-12-08,search_service,62,163,269,0.05,22,44857
2024-12-09,payment_service,136,287,497,0.37,77,21034
2024-12-09,checkout_service,90,207,345,0.12,31,26303
2024-12-09,catalog_service,44,124,195,0.06,32,53573
2024-12-09,user_service,35,82,147,0.09,27,30497
2024-12-09,notification_service,50,162,241,0.11,13,11973
2024-12-09,search_service,66,178,299,0.05,20,41397
2024-12-10,payment_service,137,300,437,0.4,86,21537
2024-12-10,checkout_service,90,215,330,0.12,32,27444
2024-12-10,catalog_service,50,124,191,0.07,39,56736
2024-12-10,user_service,37,83,158,0.09,28,31356
2024-12-10,notification_service,50,149,237,0.1,11,11290
2024-12-10,search_service,60,168,276,0.05,22,44183
2024-12-11,payment_service,145,317,503,0.39,77,19878
2024-12-11,checkout_service,93,224,322,0.13,35,27137
2024-12-11,catalog_service,51,131,209,0.06,30,51584
2024-12-11,user_service,35,91,153,0.1,32,32328
2024-12-11,notification_service,55,160,244,0.1,12,12148
2024-12-11,search_service,66,154,273,0.05,21,43577
2024-12-12,payment_service,135,304,443,0.38,80,21093
2024-12-12,checkout_service,92,226,334,0.12,30,25106
2024-12-12,catalog_service,46,116,192,0.06,31,52353
2024-12-12,user_service,37,92,147,0.09,29,32554
2024-12-12,notification_service,49,158,258,0.1,12,12536
2024-12-12,search_service,60,177,282,0.05,20,41266
2024-12-13,payment_service,134,317,499,0.43,85,19946
2024-12-13,checkout_service,92,193,362,0.13,32,24751
2024-12-13,catalog_service,49,120,210,0.06,31,51712
2024-12-13,user_service,37,87,145,0.09,30,33401
2024-12-13,notification_service,48,160,261,0.1,11,11553
2024-12-13,search_service,63,166,280,0.05,20,40767
2024-12-14,payment_service,124,291,435,0.4,80,20064
2024-12-14,checkout_service,93,224,317,0.13,34,26903
2024-12-14,catalog_service,51,129,192,0.05,25,51459
2024-12-14,user_service,39,83,155,0.09,29,32450
2024-12-14,notification_service,48,154,259,0.1,12,12242
2024-12-14,search_service,61,159,286,0.05,22,44428
2024-12-15,payment_service,143,331,468,0.42,88,21053
2024-12-15,checkout_service,89,209,345,0.12,30,25024
2024-12-15,catalog_service,49,125,198,0.06,32,53810
2024-12-15,user_service,40,89,147,0.09,29,32661
2024-12-15,notification_service,53,150,246,0.11,13,12432
2024-12-15,search_service,61,169,303,0.05,22,45454
2024-12-16,payment_service,127,311,441,0.4,81,20324
2024-12-16,checkout_service,96,206,339,0.12,32,26992
2024-12-16,catalog_service,49,117,216,0.06,34,56732
2024-12-16,user_service,39,92,147,0.09,27,30898
2024-12-16,notification_service,50,147,259,0.11,12,11485
2024-12-16,search_service,66,173,284,0.05,21,43646
2024-12-17,payment_service,129,317,481,0.43,90,20937
2024-12-17,checkout_service,88,217,343,0.13,35,27231
2024-12-17,catalog_service,47,125,215,0.06,33,55120
2024-12-17,user_service,40,91,155,0.08,24,31101
2024-12-17,notification_service,50,155,238,0.09,11,12590
2024-12-17,search_service,57,159,280,0.05,21,42437
2024-12-18,payment_service,142,312,440,0.41,85,20834
2024-12-18,checkout_service,99,216,361,0.12,30,25263
2024-12-18,catalog_service,45,123,191,0.05,27,54163
2024-12-18,user_service,37,80,148,0.09,30,33516
2024-12-18,notification_service,48,154,243,0.11,13,12673
2024-12-18,search_service,63,178,281,0.05,21,42996
2024-12-19,payment_service,124,307,458,0.41,86,21168
2024-12-19,checkout_service,89,209,342,0.13,32,24638
2024-12-19,catalog_service,46,115,207,0.06,33,56137
2024-12-19,user_service,36,83,147,0.09,28,31708
2024-12-19,notification_service,48,152,249,0.1,11,11513
2024-12-19,search_service,64,158,281,0.05,21,43341
2024-12-20,payment_service,125,318,449,0.42,89,21419
2024-12-20,checkout_service,93,222,362,0.12,32,27014
2024-12-20,catalog_service,49,126,192,0.06,32,53923
2024-12-20,user_service,38,90,157,0.09,29,32743
2024-12-20,notification_service,54,161,235,0.1,12,12599
2024-12-20,search_service,65,163,294,0.05,20,41729
2024-12-21,payment_service,137,314,458,0.41,89,21803
2024-12-21,checkout_service,93,194,354,0.11,27,24791
2024-12-21,catalog_service,48,112,208,0.07,36,51561
2024-12-21,user_service,35,92,155,0.09,29,33305
2024-12-21,notification_service,54,161,250,0.09,11,12653
2024-12-21,search_service,59,171,279,0.05,22,44930
2024-12-22,payment_service,144,286,475,0.4,88,22173
2024-12-22,checkout_service,94,206,358,0.11,28,25636
2024-12-22,catalog_service,47,130,219,0.06,31,51776
2024-12-22,user_service,38,91,153,0.09,30,33912
2024-12-22,notification_service,51,159,231,0.1,12,12211
2024-12-22,search_service,65,159,282,0.05,21,43880
2024-12-23,payment_service,126,302,486,0.36,78,21782
2024-12-23,checkout_service,90,221,322,0.13,34,26250
2024-12-23,catalog_service,51,123,209,0.06,34,57021
2024-12-23,user_service,40,85,147,0.09,27,30130
2024-12-23,notification_service,55,148,257,0.11,12,11421
2024-12-23,search_service,58,171,309,0.05,20,41860
2024-12-24,payment_service,129,301,438,0.36,79,22005
2024-12-24,checkout_service,87,200,351,0.11,27,24788
2024-12-24,catalog_service,49,128,213,0.06,32,53652
2024-12-24,user_service,37,84,148,0.09,27,30618
2024-12-24,notification_service,49,158,260,0.1,11,11377
2024-12-24,search_service,65,160,275,0.05,21,43091
2024-12-25,payment_service,143,324,484,0.39,86,22223
2024-12-25,checkout_service,92,205,355,0.12,29,24706
2024-12-25,catalog_service,48,118,202,0.06,34,57217
2024-12-25,user_service,35,90,143,0.1,32,32829
2024-12-25,notification_service,48,154,235,0.1,11,11326
2024-12-25,search_service,66,168,302,0.05,21,42949
2024-12-26,payment_service,138,313,467,0.44,89,20229
2024-12-26,checkout_service,91,213,365,0.12,31,26163
2024-12-26,catalog_service,44,124,195,0.06,32,54387
2024-12-26,user_service,41,82,167,0.09,30,33455
2024-12-26,notification_service,51,154,233,0.1,12,12383
2024-12-26,search_service,66,175,267,0.05,21,43864
2024-12-27,payment_service,141,333,432,0.38,82,21627
2024-12-27,checkout_service,99,201,359,0.12,31,26051
2024-12-27,catalog_service,44,117,214,0.06,32,53969
2024-12-27,user_service,36,80,159,0.1,33,33468
2024-12-27,notification_service,50,164,238,0.1,11,11722
2024-12-27,search_service,66,163,266,0.05,20,41170
2024-12-28,payment_service,126,292,470,0.39,83,21477
2024-12-28,checkout_service,87,225,357,0.11,26,24466
2024-12-28,catalog_service,46,129,191,0.06,30,51081
2024-12-28,user_service,39,80,148,0.09,29,32335
2024-12-28,notification_service,49,151,257,0.1,11,11459
2024-12-28,search_service,66,172,308,0.05,22,44124
2024-12-29,payment_service,143,331,441,0.41,90,22077
2024-12-29,checkout_service,91,226,365,0.12,29,24807
2024-12-29,catalog_service,49,122,208,0.06,33,55294
2024-12-29,user_service,40,79,167,0.09,29,32970
2024-12-29,notification_service,54,163,243,0.11,13,12493
2024-12-29,search_service,60,172,292,0.05,20,41112
2024-12-30,payment_service,141,308,472,0.43,94,22032
2024-12-30,checkout_service,100,206,347,0.12,30,25112
2024-12-30,catalog_service,45,123,215,0.06,33,56153
2024-12-30,user_service,37,90,155,0.09,29,32749
2024-12-30,notification_service,48,146,254,0.11,12,11337
2024-12-30,search_service,57,179,273,0.05,22,44836
2024-12-31,payment_service,130,320,468,0.39,85,21977
2024-12-31,checkout_service,102,214,338,0.11,27,25415
2024-12-31,catalog_service,48,116,198,0.05,26,52940
2024-12-31,user_service,38,89,144,0.09,27,31072
2024-12-31,notification_service,55,143,242,0.1,11,11985
2024-12-31,search_service,59,180,266,0.05,20,40972
2025-01-01,payment_service,130,296,465,0.36,76,21355
2025-01-01,checkout_service,101,197,317,0.12,31,26074
2025-01-01,catalog_service,49,127,199,0.06,30,51567
2025-01-01,user_service,38,82,155,0.09,29,32566
2025-01-01,notification_service,54,157,258,0.1,11,11950
2025-01-01,search_service,57,180,282,0.05,22,45112
2025-01-02,payment_service,142,289,469,0.38,83,22008
2025-01-02,checkout_service,90,203,323,0.12,32,26897
2025-01-02,catalog_service,47,121,209,0.06,30,50764
2025-01-02,user_service,40,82,159,0.1,31,31807
2025-01-02,notification_service,55,153,252,0.11,12,11506
2025-01-02,search_service,62,156,278,0.05,22,44332
2025-01-03,payment_service,130,319,496,0.43,88,20601
2025-01-03,checkout_service,92,226,319,0.12,29,24643
2025-01-03,catalog_service,51,127,204,0.06,30,51286
2025-01-03,user_service,35,86,152,0.1,30,30566
2025-01-03,notification_service,52,161,241,0.09,10,11437
2025-01-03,search_service,57,157,267,0.05,20,40655
2025-01-04,payment_service,127,334,442,0.38,84,22207
2025-01-04,checkout_service,99,217,318,0.12,30,25350
2025-01-04,catalog_service,50,120,218,0.06,33,56233
2025-01-04,user_service,36,84,151,0.09,30,33336
2025-01-04,notification_service,51,152,240,0.09,11,12463
2025-01-04,search_service,57,177,311,0.05,22,44041
2025-01-05,payment_service,125,329,493,0.44,97,22253
2025-01-05,checkout_service,96,200,317,0.12,32,26881
2025-01-05,catalog_service,48,116,209,0.06,34,57009
2025-01-05,user_service,38,87,162,0.09,29,32782
2025-01-05,notification_service,53,140,231,0.09,11,12396
2025-01-05,search_service,60,170,274,0.05,22,44401
2025-01-06,payment_service,136,306,474,0.38,77,20509
2025-01-06,checkout_service,99,207,336,0.12,32,27328
2025-01-06,catalog_service,44,124,206,0.06,33,56648
2025-01-06,user_service,40,85,146,0.08,25,32058
2025-01-06,notification_service,48,141,262,0.09,11,12322
2025-01-06,search_service,61,180,303,0.05,22,45186
2025-01-07,payment_service,137,329,437,0.41,82,20023
2025-01-07,checkout_service,98,220,330,0.12,29,24604
2025-01-07,catalog_service,44,126,220,0.06,32,54921
2025-01-07,user_service,37,92,145,0.09,28,31158
2025-01-07,notification_service,48,142,247,0.1,11,11405
2025-01-07,search_service,61,170,285,0.05,21,43304
2025-01-08,payment_service,126,305,482,0.4,86,21734
2025-01-08,checkout_service,100,198,337,0.11,27,24671
2025-01-08,catalog_service,49,131,217,0.06,32,53999
2025-01-08,user_service,39,86,162,0.09,29,32947
2025-01-08,notification_service,52,141,263,0.1,11,11677
2025-01-08,search_service,59,177,799,0.05,21,42745
2025-01-09,payment_service,125,316,465,0.37,76,20641
2025-01-09,checkout_service,91,209,364,0.12,31,26480
2025-01-09,catalog_service,44,112,195,0.05,26,52992
2025-01-09,user_service,36,85,165,0.09,29,32294
2025-01-09,notification_service,55,155,265,0.11,12,11645
2025-01-09,search_service,63,154,299,0.05,21,42249
2025-01-10,payment_service,248,946,2600,3.54,675,19074
2025-01-10,checkout_service,94,204,323,0.12,29,24540
2025-01-10,catalog_service,50,130,212,0.06,31,52020
2025-01-10,user_service,39,91,163,0.09,30,33439
2025-01-10,notification_service,51,148,229,0.09,11,12434
2025-01-10,search_service,64,157,277,0.05,22,45210
2025-01-11,payment_service,239,1035,2831,3.4,623,18334
2025-01-11,checkout_service,96,195,346,0.11,28,26347
2025-01-11,catalog_service,44,130,202,0.06,33,55984
2025-01-11,user_service,36,87,146,0.09,29,33040
2025-01-11,notification_service,49,149,229,0.1,11,11646
2025-01-11,search_service,65,166,267,0.05,22,45346
2025-01-12,payment_service,249,1120,2804,3.62,637,17599
2025-01-12,checkout_service,93,221,333,0.11,29,27191
2025-01-12,catalog_service,46,119,191,0.06,31,52311
2025-01-12,user_service,36,79,144,0.09,28,31252
2025-01-12,notification_service,53,161,261,0.1,12,12620
2025-01-12,search_service,64,174,280,0.05,20,41099
2025-01-13,payment_service,288,1182,3243,3.64,659,18130
2025-01-13,checkout_service,101,211,347,0.11,29,26637
2025-01-13,catalog_service,45,119,209,0.06,32,53454
2025-01-13,user_service,39,81,143,0.09,30,33702
2025-01-13,notification_service,54,154,246,0.1,12,12176
2025-01-13,search_service,62,173,269,0.05,22,44978
2025-01-14,payment_service,276,1146,3220,4.3,772,17957
2025-01-14,checkout_service,96,201,350,0.12,29,24997
2025-01-14,catalog_service,48,121,200,0.06,33,56247
2025-01-14,user_service,39,82,145,0.09,29,33295
2025-01-14,notification_service,51,153,246,0.09,11,12656
2025-01-14,search_service,58,174,297,0.05,20,40778
2025-01-15,payment_service,291,1196,3440,4.28,806,18842
2025-01-15,checkout_service,89,216,338,0.13,32,24695
2025-01-15,catalog_service,50,119,211,0.06,32,54772
2025-01-15,user_service,37,84,158,0.09,27,30519
2025-01-15,notification_service,52,163,256,0.11,13,12544
2025-01-15,search_service,60,179,299,0.05,21,42494
2025-01-16,payment_service,313,1336,3463,4.43,834,18848
2025-01-16,checkout_service,90,193,342,0.11,29,26805
2025-01-16,catalog_service,45,114,206,0.06,30,51544
2025-01-16,user_service,39,91,145,0.08,26,32797
2025-01-16,notification_service,53,142,234,0.1,12,12136
2025-01-16,search_service,64,166,281,0.05,22,44725
2025-01-17,payment_service,331,1398,3619,4.8,907,18909
2025-01-17,checkout_service,101,226,345,0.13,34,26898
2025-01-17,catalog_service,46,116,220,0.06,32,53730
2025-01-17,user_service,36,92,158,0.08,25,32333
2025-01-17,notification_service,52,140,246,0.09,10,12068
2025-01-17,search_service,59,176,298,0.05,20,41415
2025-01-18,payment_service,317,1534,4150,4.99,953,19118
2025-01-18,checkout_service,89,220,352,0.12,32,27115
2025-01-18,catalog_service,50,125,205,0.07,38,55462
2025-01-18,user_service,40,91,163,0.09,28,31295
2025-01-18,notification_service,51,163,257,0.1,12,12605
2025-01-18,search_service,60,159,290,0.05,21,42935
2025-01-19,payment_service,374,1608,4425,4.71,898,19080
2025-01-19,checkout_service,93,200,366,0.12,30,25049
2025-01-19,catalog_service,46,119,214,0.06,30,51298
2025-01-19,user_service,37,81,154,0.09,30,33671
2025-01-19,notification_service,52,148,240,0.11,13,12338
2025-01-19,search_service,60,160,277,0.05,22,44722
2025-01-20,payment_service,377,1698,4154,5.35,948,17736
2025-01-20,checkout_service,88,207,335,0.11,28,25743
2025-01-20,catalog_service,47,122,216,0.07,37,53702
2025-01-20,user_service,40,85,161,0.09,28,31341
2025-01-20,notification_service,48,142,253,0.72,89,12494
2025-01-20,search_service,60,162,277,0.05,20,41399
2025-01-21,payment_service,376,1714,4218,5.73,1112,19408
2025-01-21,checkout_service,89,207,357,0.11,28,25916
2025-01-21,catalog_service,51,127,204,0.06,33,55953
2025-01-21,user_service,38,80,162,0.08,24,30477
2025-01-21,notification_service,49,141,244,0.82,93,11440
2025-01-21,search_service,66,161,294,0.05,20,40469
2025-01-22,payment_service,389,1632,5046,5.64,1030,18279
2025-01-22,checkout_service,96,205,334,0.11,30,27307
2025-01-22,catalog_service,49,120,208,0.06,30,50939
2025-01-22,user_service,36,89,164,0.1,32,32010
2025-01-22,notification_service,49,144,247,0.75,90,12045
2025-01-22,search_service,63,180,268,0.05,21,42620
2025-01-23,payment_service,414,1732,5208,5.13,1005,19597
2025-01-23,checkout_service,94,198,356,0.13,32,25240
2025-01-23,catalog_service,48,129,196,0.06,33,56306
2025-01-23,user_service,36,87,153,0.09,27,30153
2025-01-23,notification_service,53,159,261,0.11,12,11612
2025-01-23,search_service,58,178,290,0.05,22,45173
2025-01-24,payment_service,423,1742,5433,6.09,1133,18617
2025-01-24,checkout_service,94,222,317,0.12,32,27223
2025-01-24,catalog_service,46,115,190,0.06,31,53120
2025-01-24,user_service,40,83,152,0.09,27,30237
2025-01-24,notification_service,52,163,235,0.11,12,11683
2025-01-24,search_service,57,172,274,0.05,22,45469
2025-01-25,payment_service,413,1796,5023,5.52,968,17545
2025-01-25,checkout_service,98,221,318,0.12,32,27117
2025-01-25,catalog_service,49,128,220,0.06,32,53336
2025-01-25,user_service,38,81,160,0.09,27,30884
2025-01-25,notification_service,51,151,232,0.09,10,12175
2025-01-25,search_service,62,174,282,0.05,22,44891
2025-01-26,payment_service,426,2008,5561,5.69,1005,17666
2025-01-26,checkout_service,99,224,365,0.12,29,24653
2025-01-26,catalog_service,44,114,201,0.06,33,55336
2025-01-26,user_service,39,88,165,0.1,31,31139
2025-01-26,notification_service,51,154,247,0.09,11,12430
2025-01-26,search_service,65,162,311,0.05,21,43680
2025-01-27,payment_service,452,2019,6059,5.33,1040,19518
2025-01-27,checkout_service,99,193,328,0.11,29,27051
2025-01-27,catalog_service,45,116,195,0.06,31,51826
2025-01-27,user_service,37,82,153,0.09,27,30352
2025-01-27,notification_service,52,145,229,0.11,12,11616
2025-01-27,search_service,62,161,310,0.05,22,45568
2025-01-28,payment_service,447,2261,5625,5.89,1043,17712
2025-01-28,checkout_service,92,214,317,0.12,31,26602
2025-01-28,catalog_service,51,115,213,0.06,31,52075
2025-01-28,user_service,39,79,143,0.1,33,33305
2025-01-28,notification_service,56,154,258,0.1,11,11739
2025-01-28,search_service,58,178,295,0.05,20,41240
2025-01-29,payment_service,472,2260,6350,5.06,925,18286
2025-01-29,checkout_service,97,208,351,0.12,31,26404
2025-01-29,catalog_service,51,120,205,0.06,31,53310
2025-01-29,user_service,40,81,151,0.1,30,30746
2025-01-29,notification_service,49,142,257,0.09,10,11741
2025-01-29,search_service,61,166,298,0.05,22,44231
2025-01-30,payment_service,476,2386,6109,5.31,944,17789
2025-01-30,checkout_service,93,193,318,0.13,32,24735
2025-01-30,catalog_service,45,129,192,0.06,31,52630
2025-01-30,user_service,36,82,156,0.09,27,30896
2025-01-30,notification_service,51,150,230,0.1,12,12426
2025-01-30,search_service,60,163,270,0.05,21,43940
2025-01-31,payment_service,524,2413,6040,5.16,971,18829
2025-01-31,checkout_service,94,197,355,0.13,32,25009
2025-01-31,catalog_service,50,119,199,0.05,27,55410
2025-01-31,user_service,35,87,167,0.08,26,32729
2025-01-31,notification_service,50,145,232,0.09,10,11678
2025-01-31,search_service,57,155,290,0.05,21,42451
2025-02-01,payment_service,226,731,1720,1.87,355,19030
2025-02-01,checkout_service,99,207,330,0.13,32,24900
2025-02-01,catalog_service,48,118,211,0.07,38,54458
2025-02-01,user_service,38,87,152,0.1,30,30787
2025-02-01,notification_service,51,151,242,0.1,12,12073
2025-02-01,search_service,65,168,300,0.05,21,43147
2025-02-02,payment_service,203,630,1835,1.94,388,20032
2025-02-02,checkout_service,97,206,340,0.13,34,26850
2025-02-02,catalog_service,45,123,210,0.06,33,56622
2025-02-02,user_service,39,86,160,0.08,24,30405
2025-02-02,notification_service,52,163,250,0.1,12,12102
2025-02-02,search_service,63,156,269,0.05,20,40850
2025-02-03,payment_service,201,678,1746,1.88,365,19456
2025-02-03,checkout_service,97,203,345,0.12,30,25681
2025-02-03,catalog_service,47,127,209,0.05,26,53989
2025-02-03,user_service,37,90,144,0.09,29,33249
2025-02-03,notification_service,54,154,251,0.11,13,11919
2025-02-03,search_service,63,170,286,0.05,21,42916
2025-02-04,payment_service,201,727,1706,1.92,383,19954
2025-02-04,checkout_service,101,207,326,0.12,32,26696
2025-02-04,catalog_service,49,126,213,0.06,32,54311
2025-02-04,user_service,40,91,149,0.09,29,32492
2025-02-04,notification_service,54,140,240,0.1,11,11904
2025-02-04,search_service,58,165,297,0.05,22,45112
2025-02-05,payment_service,197,676,1778,2.06,372,18106
2025-02-05,checkout_service,100,222,343,0.12,32,26958
2025-02-05,catalog_service,45,126,209,0.06,32,54336
2025-02-05,user_service,35,80,162,0.09,29,33316
2025-02-05,notification_service,53,140,260,0.09,10,11494
2025-02-05,search_service,66,181,299,0.05,22,44275
2025-02-06,payment_service,217,686,1777,1.84,356,19361
2025-02-06,checkout_service,89,195,317,0.12,29,24678
2025-02-06,catalog_service,49,130,204,0.06,31,53231
2025-02-06,user_service,35,87,153,0.1,31,31260
2025-02-06,notification_service,55,162,238,0.1,12,12303
2025-02-06,search_service,58,165,308,0.05,21,43855
2025-02-07,payment_service,210,664,1790,1.75,326,18662
2025-02-07,checkout_service,99,213,317,0.11,29,26497
2025-02-07,catalog_service,44,126,211,0.06,32,54858
2025-02-07,user_service,37,85,149,0.09,29,32740
2025-02-07,notification_service,48,160,237,0.09,11,12347
2025-02-07,search_service,63,161,276,0.05,21,43087
2025-02-08,payment_service,196,728,1822,2.03,381,18773
2025-02-08,checkout_service,90,194,337,0.12,31,25961
2025-02-08,catalog_service,46,126,191,0.06,31,51713
2025-02-08,user_service,38,88,153,0.09,29,33176
2025-02-08,notification_service,55,147,237,0.1,11,11293
2025-02-08,search_service,57,160,270,0.05,21,42269
2025-02-09,payment_service,206,640,1848,1.83,355,19421
2025-02-09,checkout_service,95,207,345,0.13,34,26844
2025-02-09,catalog_service,44,119,191,0.06,32,54639
2025-02-09,user_service,35,91,150,0.09,28,32101
2025-02-09,notification_service,52,152,254,0.11,13,12708
2025-02-09,search_service,65,176,302,0.05,22,44426
2025-02-10,payment_service,204,654,1809,1.84,335,18257
2025-02-10,checkout_service,100,206,334,0.12,31,26328
2025-02-10,catalog_service,45,130,205,0.06,31,52762
2025-02-10,user_service,35,79,164,0.09,28,32172
2025-02-10,notification_service,49,150,261,0.1,11,11478
2025-02-10,search_service,66,179,293,0.05,22,44468
2025-02-11,payment_service,209,672,1726,2.01,385,19198
2025-02-11,checkout_service,101,223,319,0.12,32,27149
2025-02-11,catalog_service,47,113,201,0.06,30,51458
2025-02-11,user_service,40,88,148,0.08,25,31985
2025-02-11,notification_service,53,146,262,0.11,13,11986
2025-02-11,search_service,66,160,284,0.05,21,43565
2025-02-12,payment_service,226,692,1790,1.98,389,19664
2025-02-12,checkout_service,92,220,339,0.12,29,24812
2025-02-12,catalog_service,48,128,198,0.06,34,56853
2025-02-12,user_service,40,80,145,0.09,29,32788
2025-02-12,notification_service,51,155,267,0.1,11,11935
2025-02-12,search_service,61,165,278,0.05,22,44550
2025-02-13,payment_service,193,633,1701,1.78,346,19440
2025-02-13,checkout_service,93,224,337,0.12,30,25496
2025-02-13,catalog_service,47,123,214,0.06,31,52971
2025-02-13,user_service,38,92,152,0.09,30,33423
2025-02-13,notification_service,49,145,235,0.1,11,11679
2025-02-13,search_service,65,165,274,0.05,22,44825
2025-02-14,payment_service,224,635,1660,1.98,355,17957
2025-02-14,checkout_service,92,209,365,0.13,33,25849
2025-02-14,catalog_service,47,119,192,0.06,33,55468
2025-02-14,user_service,38,89,155,0.09,30,33680
2025-02-14,notification_service,49,151,234,0.1,11,11525
2025-02-14,search_service,64,176,305,0.05,20,41500
2025-02-15,payment_service,215,660,1932,2.02,376,18635
2025-02-15,checkout_service,101,212,349,0.12,29,24863
2025-02-15,catalog_service,50,131,196,0.06,33,55585
2025-02-15,user_service,38,80,158,0.09,27,30678
2025-02-15,notification_service,53,146,234,0.09,10,11688
2025-02-15,search_service,64,177,285,0.05,21,43391
2025-02-16,payment_service,159,467,916,0.99,170,17256
2025-02-16,checkout_service,99,225,334,0.13,33,25711
2025-02-16,catalog_service,50,119,220,0.06,30,50940
2025-02-16,user_service,37,83,161,0.08,24,30480
2025-02-16,notification_service,54,154,244,0.09,10,12173
2025-02-16,search_service,65,175,290,0.05,22,45420
2025-02-17,payment_service,163,498,909,0.91,171,18818
2025-02-17,checkout_service,101,199,349,0.13,34,26317
2025-02-17,catalog_service,51,127,209,0.06,32,54009
2025-02-17,user_service,39,83,159,0.08,24,30596
2025-02-17,notification_service,49,144,242,0.11,12,11378
2025-02-17,search_service,59,178,286,0.05,22,45167
2025-02-18,payment_service,156,483,964,0.99,180,18218
2025-02-18,checkout_service,92,208,323,0.11,28,26285
2025-02-18,catalog_service,44,122,218,0.06,33,55047
2025-02-18,user_service,40,84,160,0.09,27,30982
2025-02-18,notification_service,54,160,267,0.1,12,12592
2025-02-18,search_service,59,172,280,0.05,21,42969
2025-02-19,payment_service,162,451,934,0.93,160,17260
2025-02-19,checkout_service,89,224,339,0.12,31,26206
2025-02-19,catalog_service,47,127,209,0.06,30,51106
2025-02-19,user_service,37,85,145,0.09,29,32600
2025-02-19,notification_service,55,158,262,0.09,11,12428
2025-02-19,search_service,59,177,308,0.05,21,42664
2025-02-20,payment_service,175,447,913,0.9,159,17677
2025-02-20,checkout_service,94,224,322,0.12,32,26982
2025-02-20,catalog_service,45,114,220,0.06,31,53094
2025-02-20,user_service,39,87,163,0.08,26,32882
2025-02-20,notification_service,50,151,248,0.1,12,12320
2025-02-20,search_service,63,155,294,0.05,20,41967
2025-02-21,payment_service,154,463,864,0.96,183,19098
2025-02-21,checkout_service,98,207,346,0.13,31,24611
2025-02-21,catalog_service,44,121,202,0.06,32,54772
2025-02-21,user_service,36,81,167,0.09,29,32979
2025-02-21,notification_service,50,152,261,0.1,11,11326
2025-02-21,search_service,60,180,272,0.05,22,44862
2025-02-22,payment_service,170,450,876,0.94,171,18228
2025-02-22,checkout_service,94,223,313,0.13,34,26518
2025-02-22,catalog_service,51,117,188,0.06,33,55253
2025-02-22,user_service,35,87,162,0.09,29,32957
2025-02-22,notification_service,51,146,260,0.1,11,11715
2025-02-22,search_service,59,158,283,0.05,20,40700
2025-02-23,payment_service,165,470,920,0.92,169,18377
2025-02-23,checkout_service,102,205,349,0.13,32,25357
2025-02-23,catalog_service,47,128,217,0.07,39,56162
2025-02-23,user_service,39,87,149,0.09,30,33418
2025-02-23,notification_service,53,142,243,0.1,12,12497
2025-02-23,search_service,61,174,308,0.05,20,40853
2025-02-24,payment_service,166,493,959,0.98,176,17999
2025-02-24,checkout_service,95,213,331,0.12,32,27062
2025-02-24,catalog_service,51,130,218,0.06,31,52763
2025-02-24,user_service,36,87,164,0.08,26,33712
2025-02-24,notification_service,52,144,238,0.09,10,11592
2025-02-24,search_service,65,179,291,0.05,20,41322
2025-02-25,payment_service,163,503,887,0.89,169,19027
2025-02-25,checkout_service,92,210,327,0.13,34,26910
2025-02-25,catalog_service,44,129,203,0.05,26,52411
2025-02-25,user_service,40,89,155,0.09,28,31353
2025-02-25,notification_service,55,160,265,0.1,11,11565
2025-02-25,search_service,63,157,299,0.05,21,42320
2025-02-26,payment_service,169,499,988,0.91,173,19018
2025-02-26,checkout_service,98,220,354,0.12,32,26728
2025-02-26,catalog_service,48,120,198,0.06,32,54602
2025-02-26,user_service,37,84,160,0.08,25,32228
2025-02-26,notification_service,48,144,248,0.11,12,11369
2025-02-26,search_service,65,161,289,0.05,20,40752
2025-02-27,payment_service,172,442,979,0.83,151,18311
2025-02-27,checkout_service,101,201,365,0.13,32,24677
2025-02-27,catalog_service,48,129,202,0.06,34,57165
2025-02-27,user_service,39,81,151,0.09,30,33918
2025-02-27,notification_service,49,148,257,0.1,11,11350
2025-02-27,search_service,57,180,287,0.05,22,44296
2025-02-28,payment_service,152,497,900,0.85,148,17455
2025-02-28,checkout_service,97,203,336,0.13,34,26886
2025-02-28,catalog_service,50,116,197,0.07,37,53152
2025-02-28,user_service,37,86,149,0.09,28,32108
2025-02-28,notification_service,48,150,258,0.1,11,11430
2025-02-28,search_service,58,168,291,0.05,22,44733
2025-03-01,payment_service,153,457,853,0.94,167,17863
2025-03-01,checkout_service,98,218,330,0.13,32,25333
2025-03-01,catalog_service,48,130,212,0.06,31,52780
2025-03-01,user_service,36,91,160,0.1,30,30638
2025-03-01,notification_service,50,155,239,0.1,12,12449
2025-03-01,search_service,62,168,285,0.05,21,43381
2025-03-02,payment_service,161,460,895,0.98,185,18886
2025-03-02,checkout_service,91,202,344,0.12,29,24586
2025-03-02,catalog_service,47,124,198,0.06,31,51807
2025-03-02,user_service,35,86,158,0.09,29,33327
2025-03-02,notification_service,53,164,252,0.11,13,12079
2025-03-02,search_service,65,174,304,0.05,22,44494
2025-03-03,payment_service,159,479,976,0.93,161,17416
2025-03-03,checkout_service,95,193,345,0.12,30,25598
2025-03-03,catalog_service,50,127,193,0.06,32,54293
2025-03-03,user_service,35,85,164,0.1,32,32960
2025-03-03,notification_service,49,151,255,0.09,10,11645
2025-03-03,search_service,64,174,312,0.05,22,44001
2025-03-04,payment_service,158,496,871,0.9,166,18511
2025-03-04,checkout_service,96,194,343,0.12,32,26770
2025-03-04,catalog_service,45,128,191,0.06,30,50989
2025-03-04,user_service,36,82,157,0.1,30,30167
2025-03-04,notification_service,54,152,236,0.1,11,11740
2025-03-04,search_service,62,170,297,0.05,20,40889
2025-03-05,payment_service,172,471,900,0.96,170,17767
2025-03-05,checkout_service,90,209,321,0.12,31,26414
2025-03-05,catalog_service,45,113,189,0.06,32,53982
2025-03-05,user_service,39,91,154,0.1,30,30919
2025-03-05,notification_service,51,143,260,0.11,12,11729
2025-03-05,search_service,65,168,298,0.05,22,44034
2025-03-06,payment_service,167,452,901,0.92,168,18292
2025-03-06,checkout_service,96,217,323,0.12,31,26612
2025-03-06,catalog_service,46,114,198,0.06,33,55058
2025-03-06,user_service,35,84,162,0.08,25,31645
2025-03-06,notification_service,53,143,248,0.11,13,11877
2025-03-06,search_service,61,161,306,0.05,22,44732
2025-03-07,payment_service,158,454,930,0.86,155,18040
2025-03-07,checkout_service,100,199,350,0.11,29,27080
2025-03-07,catalog_service,48,116,213,0.06,33,56487
2025-03-07,user_service,35,81,167,0.1,30,30742
2025-03-07,notification_service,48,141,251,0.09,10,11617
2025-03-07,search_service,60,157,310,0.05,21,42423
2025-03-08,payment_service,156,464,854,0.95,182,19162
2025-03-08,checkout_service,99,210,344,0.12,29,24452
2025-03-08,catalog_service,47,116,217,0.06,33,55367
2025-03-08,user_service,36,85,157,0.09,28,31534
2025-03-08,notification_service,50,147,245,0.09,10,11622
2025-03-08,search_service,62,174,268,0.05,22,44044
2025-03-09,payment_service,176,504,929,0.87,152,17529
2025-03-09,checkout_service,99,221,330,0.12,31,26062
2025-03-09,catalog_service,51,125,200,0.05,28,57093
2025-03-09,user_service,39,89,165,0.09,30,33738
2025-03-09,notification_service,51,157,245,0.11,12,11805
2025-03-09,search_service,65,161,299,0.05,21,43116
2025-03-10,payment_service,176,436,989,0.98,184,18813
2025-03-10,checkout_service,97,221,343,0.12,29,24954
2025-03-10,catalog_service,50,112,190,0.06,30,51035
2025-03-10,user_service,36,82,165,0.08,27,33811
2025-03-10,notification_service,53,143,262,0.09,11,12518
2025-03-10,search_service,64,165,274,0.05,21,43452
2025-03-11,payment_service,164,467,967,0.98,184,18855
2025-03-11,checkout_service,87,221,342,0.11,29,26466
2025-03-11,catalog_service,45,129,205,0.06,34,56874
2025-03-11,user_service,38,87,166,0.09,27,30449
2025-03-11,notification_service,56,141,246,0.1,11,11330
2025-03-11,search_service,58,156,304,0.05,22,44192
2025-03-12,payment_service,158,494,974,0.89,164,18488
2025-03-12,checkout_service,100,223,331,0.13,33,25531
2025-03-12,catalog_service,49,114,215,0.06,31,52424
2025-03-12,user_service,40,88,161,0.09,29,32611
2025-03-12,notification_service,51,151,266,0.09,10,11798
2025-03-12,search_service,63,181,273,0.05,20,41090
2025-03-13,payment_service,172,487,939,0.88,167,19043
2025-03-13,checkout_service,94,199,343,0.11,28,26128
2025-03-13,catalog_service,50,121,198,0.07,38,54520
2025-03-13,user_service,39,82,162,0.1,33,33884
2025-03-13,notification_service,53,143,241,0.09,10,11606
2025-03-13,search_service,60,165,301,0.05,20,40711
2025-03-14,payment_service,164,455,940,0.87,154,17753
2025-03-14,checkout_service,92,206,351,0.13,32,24696
2025-03-14,catalog_service,49,123,217,0.06,34,56765
2025-03-14,user_service,36,79,156,0.08,24,31148
2025-03-14,notification_service,50,143,260,0.11,13,11895
2025-03-14,search_service,62,179,312,0.05,21,42201
2025-03-15,payment_service,173,477,986,0.88,161,18369
2025-03-15,checkout_service,93,194,349,0.13,35,26982
2025-03-15,catalog_service,50,131,211,0.06,30,51490
2025-03-15,user_service,35,87,149,0.1,32,32832
2025-03-15,notification_service,55,158,258,0.11,13,12370
2025-03-15,search_service,57,166,307,0.05,21,43932
2025-03-16,payment_service,177,442,926,0.97,171,17691
2025-03-16,checkout_service,91,198,314,0.12,31,26019
2025-03-16,catalog_service,48,118,216,0.06,31,52853
2025-03-16,user_service,40,85,149,0.09,29,33043
2025-03-16,notification_service,54,162,231,0.11,13,12202
2025-03-16,search_service,64,167,272,0.05,21,42933
2025-03-17,payment_service,152,437,873,0.92,166,18136
2025-03-17,checkout_service,92,199,362,0.13,32,24702
2025-03-17,catalog_service,47,119,204,0.05,26,52051
2025-03-17,user_service,36,85,154,0.1,33,33796
2025-03-17,notification_service,49,140,231,0.1,12,12138
2025-03-17,search_service,59,164,282,0.05,20,40748
2025-03-18,payment_service,168,486,960,0.94,162,17277
2025-03-18,checkout_service,95,201,335,0.13,33,25391
2025-03-18,catalog_service,49,125,194,0.06,30,51198
2025-03-18,user_service,37,81,149,0.08,25,31633
2025-03-18,notification_service,52,151,246,0.1,12,12075
2025-03-18,search_service,65,165,294,0.05,20,40650
2025-03-19,payment_service,177,440,937,0.95,181,19110
2025-03-19,checkout_service,91,209,350,0.11,29,26579
2025-03-19,catalog_service,48,125,201,0.06,33,55038
2025-03-19,user_service,39,80,159,0.08,24,30805
2025-03-19,notification_service,49,163,266,0.11,13,12704
2025-03-19,search_service,64,173,268,0.05,20,41675
2025-03-20,payment_service,161,504,961,0.85,148,17445
2025-03-20,checkout_service,98,212,344,0.12,32,27249
2025-03-20,catalog_service,50,114,214,0.06,33,55079
2025-03-20,user_service,36,87,157,0.08,26,32888
2025-03-20,notification_service,50,141,239,0.11,12,11538
2025-03-20,search_service,66,169,284,0.05,20,41725
2025-03-21,payment_service,165,436,899,0.97,184,19050
2025-03-21,checkout_service,92,221,326,0.12,31,26457
2025-03-21,catalog_service,44,126,213,0.06,33,55042
2025-03-21,user_service,38,83,164,0.09,28,31810
2025-03-21,notification_service,53,140,234,0.09,10,11877
2025-03-21,search_service,63,166,274,0.05,21,42260
2025-03-22,payment_service,157,456,920,0.93,174,18714
2025-03-22,checkout_service,99,197,323,0.12,29,24617
2025-03-22,catalog_service,49,113,195,0.06,34,56932
2025-03-22,user_service,39,84,155,0.09,30,33875
2025-03-22,notification_service,47,153,262,0.09,10,12030
2025-03-22,search_service,59,156,282,0.05,20,41334
2025-03-23,payment_service,166,435,875,0.87,154,17709
2025-03-23,checkout_service,98,193,315,0.12,32,27332
2025-03-23,catalog_service,46,125,199,0.06,34,56792
2025-03-23,user_service,40,84,155,0.08,24,30780
2025-03-23,notification_service,50,143,240,0.1,11,11454
2025-03-23,search_service,65,158,289,0.05,21,43236
2025-03-24,payment_service,154,492,904,0.9,168,18676
2025-03-24,checkout_service,94,225,330,0.13,33,25760
2025-03-24,catalog_service,47,130,200,0.06,32,54640
2025-03-24,user_service,39,86,164,0.09,29,32411
2025-03-24,notification_service,52,141,256,0.1,11,11424
2025-03-24,search_service,66,179,269,0.05,22,45171
2025-03-25,payment_service,160,436,931,0.93,170,18324
2025-03-25,checkout_service,98,225,335,0.12,32,26772
2025-03-25,catalog_service,48,129,188,0.06,30,51057
2025-03-25,user_service,37,82,148,0.08,24,30697
2025-03-25,notification_service,48,162,261,0.1,11,11824
2025-03-25,search_service,59,166,267,0.05,21,42276
2025-03-26,payment_service,165,497,974,0.97,174,18030
2025-03-26,checkout_service,91,193,355,0.13,33,25668
2025-03-26,catalog_service,49,120,211,0.06,31,51692
2025-03-26,user_service,37,80,152,0.08,25,31552
2025-03-26,notification_service,51,157,262,0.1,12,12087
2025-03-26,search_service,59,158,276,0.05,22,45057
2025-03-27,payment_service,165,444,887,0.86,147,17148
2025-03-27,checkout_service,100,225,340,0.12,30,25472
2025-03-27,catalog_service,48,131,193,0.06,33,56178
2025-03-27,user_service,37,81,159,0.08,27,33792
2025-03-27,notification_service,51,160,239,0.09,10,11324
2025-03-27,search_service,61,169,289,0.05,22,45394
2025-03-28,payment_service,161,459,870,0.95,177,18732
2025-03-28,checkout_service,102,197,327,0.11,29,26386
2025-03-28,catalog_service,47,121,204,0.06,30,51374
2025-03-28,user_service,39,91,159,0.09,30,33567
2025-03-28,notification_service,49,160,258,0.11,13,12175
2025-03-28,search_service,60,167,299,0.05,21,42972
2025-03-29,payment_service,169,433,972,0.99,172,17453
2025-03-29,checkout_service,87,201,333,0.12,32,27442
2025-03-29,catalog_service,51,129,220,0.06,31,52323
2025-03-29,user_service,39,80,160,0.09,29,32652
2025-03-29,notification_service,49,156,240,0.1,12,12464
2025-03-29,search_service,60,180,291,0.05,21,43583
2025-03-30,payment_service,174,485,915,0.97,186,19240
2025-03-30,checkout_service,99,222,355,0.12,32,26988
2025-03-30,catalog_service,49,128,193,0.07,38,54931
2025-03-30,user_service,37,90,154,0.09,29,32957
2025-03-30,notification_service,48,162,261,0.1,12,12299
2025-03-30,search_service,62,173,271,0.05,21,43120
2025-03-31,payment_service,167,496,949,0.93,162,17526
2025-03-31,checkout_service,90,218,360,0.13,34,26878
2025-03-31,catalog_service,45,118,207,0.06,33,56551
2025-03-31,user_service,37,91,166,0.09,30,33426
2025-03-31,notification_service,48,163,230,0.09,11,12359
2025-03-31,search_service,65,177,297,0.05,22,44774
